User Name,Sex,Comments,Likes,Replies
方山厨子,保密,但其实这门课挺难讲的，很容易就变成老生常谈讲大道理念PPT，而且还都是知识碎片，有点难深入。有在很努力的备课，想办法如何在有用的同时还能有趣，准备找一些生动的案例、影视剧片段，甚至也有在考虑比如做饭片段带上卡式炉去教室同学们直接上手体验，挑选瓜果蔬菜请个水果店员工分享……好难但是一想到能帮助到大家也很快乐[爱心],3005,直接按照毕业后找工作独自生活的流程来呗，从离开家门收拾行李开始，买票，上车，找工作，租房，买菜，做饭，收拾搞卫生，和模拟人生流程一样来
方山厨子,保密,但其实这门课挺难讲的，很容易就变成老生常谈讲大道理念PPT，而且还都是知识碎片，有点难深入。有在很努力的备课，想办法如何在有用的同时还能有趣，准备找一些生动的案例、影视剧片段，甚至也有在考虑比如做饭片段带上卡式炉去教室同学们直接上手体验，挑选瓜果蔬菜请个水果店员工分享……好难但是一想到能帮助到大家也很快乐[爱心],3005,厨子老师这个课一旦推出来我感觉会成为影响全国无数大学生的相当重要的一门课，完全不亚于自己的专业课的重要性[打call][打call]所以真的求个网课不管是在什么平台[大哭]
上汽大众,保密,建议日常生活章节里增加一个“如何驾驶各类交通工具”，包括驾驶资格、安全驾驶的基本说明、驯服技巧什么的（bushi [支持][支持],2467,这一部分得你来讲，更专业！
_-皮皮怪-_,男,我觉得大学这个概念对于不少大学生来说有些笼统了，寒窗苦读三年之后依靠三四年的时间步入社会，这本来应是比较充裕的时间，但很多本科教育体系并没有充分利用好这四年，只相对机械地延续了高中的部分体系然后比较生硬地过度到专业课，再到实习毕业，其中学生并没有多少主观能动性，这点反而不如一些大专院校，也是很多大学生就业方向与专业基本无关的原因。,643,没错，现在很多大学的教育体系真的太鸡肋了，四年时间其实很多，但学生按部就班的话很容易毕业后啥也不是。所以说大学也是分水岭，主观能动性强的人真的能自己学到很多东西
奔奔的妹妹,保密,支持老师，想看网课,2022,
寐鱼在路上,保密,"社保真的很重要，这个真的要重点说，我是毕业以后好几年才搞懂，真的吃了大亏，我说一下我的理解思路：

说起“社保”，我们经常会提到“五险一金”，但是“社保并不完全等于五险一金”,首先可以和学生明确一点：社保分为“每个月都要交”和“一年只交一次的”。社保可以分为“职工社保（每个月都要给钱）”和“居民社保（一年只给一次钱）”或者分为“有公司/单位帮你交”和“没有公司/单位帮你交”，我们经常说的“五险一金”通常说的是有公司/单位给你交这种情况，但是不要忽略了还有“暂时没有工作”、“自由职业”、“有工作但是工作的地方不给你交社保”等情况，这些人就需要自己交社保，可以交“居民社保(包括居民医保+居民养老保险，没有生育失业工伤)”或者“以灵活就业人员的身份自己购买社保（它的本质还是职工社保，但是自己交只能交医疗+养老，没有生育失业工伤）。

总之，有公司给帮你买，就是五险一金/五险（有些地方是不帮你买公积金的）都买齐，自己掏钱的话，只有医疗和养老。
住房公积金我不了解，就不说了，有什么不懂的可以打当地的社保咨询电话。

我之前看到的这个视频讲得挺清楚的，可以参考一下：【职场必修课：五险一金的那些事儿】 https://www.bilibili.com/video/BV1xZ421N7x6/?share_source=copy_web&vd_source=f0ba8741e542f3e595fe340198893b13

视频里分出来的“新农合”，根据我查到的资料，是农村户口才能办理，属于医疗保险，不太了解，不赘述。
生活中有些人会用“医保”来代指“社保”，所以有的人分不清“医保社保”到底是什么关系觉得很乱，实际上医保是社保里面的其中一个分类。

我觉得还有一点要注意的是，有些学生如果将来有“以应届生身份考编”的打算，我在我们这边看到的说法是（就目前来说），只要交了社保就不算应届生身份了，就不能报考应届生的岗位，不同地区可能不一样，以后也不知道会不会变，这个最好自己去了解清楚（百度，网上找一些经验分享，咨询考公机构，或者直接打公告的咨询电话问）",883,国家现在出台了新规定，就是毕业几年内（我忘了），不论交没交社保，都算应届毕业生
四禾巳,保密,还有很多知识盲区，例如简单点的维修（我只会重启大法和遇到什么问题多切几个软件查），如何享受应有的权益例如医保商保，保修期内的产品报修流程（我每次都急用自己花钱修[笑哭]），还有我们常见的问题应该找什么部门（例如所有快递都可以在邮政投诉，特殊身份认定找民政之类的）,136,
哔哔哔哔蹦哗,女,我觉得大学生还很需要一门入门课讲清楚大学绩点、保研、考研、竞赛、期刊、留学、考公、考编、社保等等这些内容[OK][OK]能让很多人对未来少一些迷茫,4884,这个很难讲透，因为每个学校方式都不同，很容易就讲的大而空宽而泛，最好的方法还是问自己学校的师兄师姐
哔哔哔哔蹦哗,女,我觉得大学生还很需要一门入门课讲清楚大学绩点、保研、考研、竞赛、期刊、留学、考公、考编、社保等等这些内容[OK][OK]能让很多人对未来少一些迷茫,4884,同意，这些也很重要关乎个人生涯，很多都是找学姐学长才知道的一些途径[大哭]
雨中之苗,女,非常需要，希望老师好好讲一下医保及异地医保的使用方式及不同点（我暑假因为这个花了好大一笔冤枉钱）、常见病症该挂什么科（我到现在都不知道过敏该挂什么科）[笑哭]，还有去药店买药怎么区分店员是真的想治好你还是想宰你一笔，毕竟药挺贵的[微笑],4272,另，如果没有上述两个科室的话，如果你过敏是眼睛痒就去眼科，皮肤起风团或者红肿瘙痒就去皮肤科，喉头发紧去挂急诊呼吸科，因为过敏引起的气短症状不做控制可能会致命
雨中之苗,女,非常需要，希望老师好好讲一下医保及异地医保的使用方式及不同点（我暑假因为这个花了好大一笔冤枉钱）、常见病症该挂什么科（我到现在都不知道过敏该挂什么科）[笑哭]，还有去药店买药怎么区分店员是真的想治好你还是想宰你一笔，毕竟药挺贵的[微笑],4272,这玩意每个医院都不一样…病是非常复杂的…我在协和看了很多年变态反应，结果越治越严重；然后自己研究自己的发病规律，和协和学医的小姐姐聊天 他建议我医而不治，挂内分泌科 多听听医生的说法 少吃药治疗
鹄羹の犬,保密,老师能不能讲一下女生独居/独自在家时维修人员上门要怎么才能更好保障自己的人身及财物安全,51,
爱武猫,保密,"建议加入：
亲属去世应该怎么办
五险一金的累计和使用",1951,这个思路不错啊，很多人包括我自己都是在大学或临近大学的时候有亲人去世了，但只能看着长辈跑流程自己帮不上忙
爱武猫,保密,"建议加入：
亲属去世应该怎么办
五险一金的累计和使用",1951,点了，真的一点都不懂[笑哭]
寂寞的时光少年,保密,其实这是要家长负责教的，但是现在很多人认为学习应该什么都教才对，你这个不会那个也不会就是老师的问题，把自己教育孩子的责任全部推给老师了，很多时候应该是家长工作时间太长了，一天10小时左右的时长基本上很难照顾到小孩，能照顾小孩的吃饭和居住就不错了，大学开设这个课程确实很有意义，但是混学分肯定多，小心被寒了心，这课程能避免很多坑，加油。,64,
十五串玥,男,[全力幻想少年_无语]我觉得可以叫社会基础认知课之家长忘记教的课,294,
别盗我自拍照,保密,支持厨子老师，大学生们真的很需要，我就是农村普通家庭出来的，父母也没有这些知识，在学校又不好意思不敢去问，现在毕业出来也吃了好多亏，一直压力很大，每天都在想办法给自己调解，很麻木又很迷茫[大哭][大哭][大哭],96,
宇宙曹级无敌开心,保密,大学生真的很需要这门课！！！强烈建议全南京巡讲！第一站来我们学校！！[星星眼],718,
不懂艺术的鱼块,保密,有慕课吗老师,161,
努力游向彼岸,男,这时候就不得不提到，我那以为学校能教我一切东西的父母了，当我不知道什么的时候，他们就会说，你这些年在学校里学的什么东西，连xxx都不知道吗，这可是常识啊。[跪了],182,他们那个年代是教这些的。。。
苏千沐酱,保密,啊，我现在毕业了几年了，还是很需要这些东西。因为我发现他总逮着我不知道的地方考我[笑哭]我总觉得我明明已经学了很多很多零零碎碎的知识，但总是能碰到。我不知道的东西,83,
乌乌乌乌乌乌漆嘛黑,女,真的很需要学习这门网课[大哭]有很多生活技能不知道为什么我爸妈是默认我长着长着自己突然就会了的[大哭]今年开学大三，收拾了下寝室衣柜才发现我的羽绒服染色了，我一直以为衣服只会在洗衣机里洗染色，我不知道挂在衣柜里不动也会染色[大哭]还被妈妈说没常识，送了两家干洗店都不知道能不能洗干净[酸了][酸了]好难过，那件羽绒服只穿了一年[大哭][大哭],53,
李先生家の甘味処,男,我强烈建议在健康与安全一栏里加入hiv相关内容，严肃脸不开玩笑，可能因为自己是gay我对这个话题特别敏感，这个真的真的很有必要，除了讲怎么防护外一定一定要教检测试纸用法，高危时间阻断，窗口期疑似等等，我是真的不想看到无辜大学生因为缺乏这方面知识抱憾终生了，,66,
我脸挺白的,保密,"租房
社保
瓜果蔬菜挑选，做菜
各种的交通载具出行流程
医院看病
亲人去世办理
医药使用常识，急救常识
法律常识，出现纠纷后的解决办法
存钱理财的知识
政府社会机构的职能以及能够提供的帮
Steam游戏管家安装[doge]",56,
方山厨子,保密,熬了几个通宵整理出来的课件，这个课真的很难备[大哭][跪了]欢迎大家补充指正,7343,如何安装steam！我真的很需要[脸红][脸红][脸红]天呐，好细！！感谢up！支持up！
方山厨子,保密,熬了几个通宵整理出来的课件，这个课真的很难备[大哭][跪了]欢迎大家补充指正,7343,安装Steam太真实了，我一朋友装完电脑跟寄了没什么区别，给我气笑了都，他就真的要普及一下像这些安装软件的知识啊[笑哭][笑哭]
枫糖薇,女,老师开个慕课吧[大哭],4517,b站直播录播也可！我节节课一课不落！
枫糖薇,女,老师开个慕课吧[大哭],4517,我非常需要
一崽wy,保密,感觉有些内容还可以考虑到各地区之间的细节差异，并且每年的课件需要随着政策或措施的改变而更新，还是挺难的。希望这门课可以成功，如果能搬到B站就更好了[doge],174,
粉色输出小可爱,保密,就想问一下：哪里抢课、多少学分、平时分多少、点不点名、期末划重点吗、补考难不难的,53,真的出去工作就不会问这个问题了，要是在学校真有这个课教就好了，刚出来真的迷茫
邱邱要长高,保密,大学实习的时候，刚入社会被家里推荐去一个公司上班，然后上了一段期间老板把我喊去办公室跟我聊了一会儿之后跟我说我要不要做公司的法人，就是填一下我的名字，相当于公司的一个股东，每个月给我多五百块钱，我只要填一下名字就好了其他的东西不用我负责，我当时刚出学校一个月左右吧，完全不知道什么叫法定负责人，只知道天上不会掉馅饼我就拒绝了，结果后来我朋友跟我讲我老板是在骗我[大哭],70,我大学经济法老师说，就是再好的朋友开公司让你当法人都不行，家人记住天上不会掉馅饼是对的！！
戦争が結婚する,男,家庭算差，生活方式倒是挺会的，就是从小没人教我学习，想问下，只是学习的生活是咋样的，单纯的想了解下[脸红],39,一起床就是做题然后要看书，脑子里全是文字，字母，字符，数字什么的，然后就空空的[捂脸]可能我的状态不是特别好总之我就是这样
日月争辉之景,保密,也许这会是学生上过的、唯一会反复复习的课程[保卫萝卜_哭哭][保卫萝卜_哭哭][保卫萝卜_哭哭],54,
晨昏线上观星象,男,直接以表演的形式呈现给学生有可能吗？模拟一个大学生在出社会之后可能遇到的各种困境，一节课讲一个大难几个小难，看看能不能凑齐81难，到时候给这节课取个别名，社会游记,19,
罐装桃仁,女,对啊，光说大学生傻，我从小到高中都只是在学习不用担心生活的安排和压力，然后一到大学就要求社会实践、实践创新、去各种崭新的环境，真的很割裂，没有人教我们该怎么做，不光是人情世故，很多安全问题也没有人告诉过我们，大学生只是知识水平到了一个成年人的阶段，其他的我们还是不会啊,33,
重度失眠失控橘长,保密,我没有家人，无法从家里学到基础常识，所有学习的都是在学校学的，学校不教我只能网上搜，甚至包括我怎么换卫生巾，不知道有没有像我这样的没有家的，感觉很多东西真的只能家里教，,28,
哇-嘎哩唝,男,我虽然已经28了，考入编了，但我仍然非常需要这门课，先谢谢老师了[打call],18,
不中奖不改名的白桑,保密,真的很感谢您能想到这个题材，一个人孤身在外什么也不懂，各种常识稀碎的，被社会折磨了半年，现在光是听到准备开课，都难受到想流眼泪,11,
芋芋芋泥波波,保密,这些常识不懂的话，除了可以在某红书上面看别人的经验贴，很多时候是可以通过市政热线资讯的[脸红]有些政策变化速度快，直接问官方人员更省事。说到底大学课堂更多是为专业知识服务的,6,
下水道魔王,男,有用，但是要真在大学里开了那就会被划分到那种一次只有半个班的人去没人听的混学分水课一类。感觉用网课的形式来传播更好。关注了等后续。,33,
朽木与鲜花,男,别说大学生，社畜也想听这门课。请厨子老师务必录成网课上传,96,
wasALAN,保密,这些东西都不难，需要学习的不是这些内容，而是学习这些东西的意识需要培养,6,
秦止戈先生,男,我们应该从家庭教育中获取这些知识而不是课堂[脸红],15,
周棋洛吗我老婆,女,up把上课视频录下来吧太需要真的，上学期住院手续一套一套的，出院后我以为复诊不重要甚至都没去，后来身体出了问题去复诊才发现药吃多了没有按时间减量，常识有一点但不多，离家一千多公里家里人根本顾及不到我[保卫萝卜_哭哭],22,
手机app,男,加上怎么挑选蔬菜水果,12,
浅渊龙宫门神,保密,老师不用等后续了大家真的很需要这门课[大哭][大哭]我一个学医五年毕业一年的到现在没搞懂五险一金到底怎么个事[大哭][大哭],37,
雅琴惆喻,女,分享一个今天非常不开心的事。八月底找了份兼职，然后干完中秋辞了，当时是面谈的时薪啥的，我是真后悔没录音啊，它当时说节假日时薪*2，结果现在结算不认。首先，它没说节假日时薪*2，它把大学生当牛马，它🗡️；其次，它翻脸说没有节假日时薪*2，它更恶。因为是兼职没有签合同什么的，我真的感觉自己是怨种，中秋前两天真的巨累，人暴多，店铺一天营业额到了1w，讲真，我都不知道该是该庆幸提前跑了，不然哼次哼次的干完国庆得知，节假日不*2才是真绝望。唉，有懂的朋友也可以支支招，能不能倒打一耙，它那边也没有证据能证明时薪16/1，和节假日无二薪。我是真的气啊[笑哭]唉[大哭],10,
北酥在线吸欧气,保密,老师老师我是你素未谋面的亲学生啊老师[来古-震撼],44,
想和薯饼结婚,保密,老师两个硬币送给你🖐️🖐️我真的需要这门课🥲高中的时候所有人都说“你只要好好读书就行了，书读好了比什么都强”，但是到了大学就是“都大学生了怎么还是什么都不会”而且每次遇到不会的事情问家人都是被这样说。可是真的没有人和我详细讲过啊，我自己偷偷查手机翻遍各种软件最后还一直担心万一现实有变和网上说的情况不一样的时候真的非常想哭😭,27,
preference06,保密,哇，真的很需要，想看网课！,12,
YuSue末,保密,真的超级需要，很多日常生活常识真的不懂，自己摸索询问时，总会被嘲讽连这个也是不会，真的太难了,13,
野渡__spt-jiang,女,老师开个慕课吧[大哭],7,
当个屁py,女,这才是好老师啊，这下不得不关注了…，这才是切实的了解到学生需求的老师，我有一通识课，我们老师嘴上说的是教我们如何应对职场，提高自己的核心竞争力，实际做的事让我们自己写ppt做pre…,8,
自信可爱鲨,男,支持，我觉得这个很好，希望能有网课,9,
不给听不懂人话的支教,女,这种课非常非常需要实践分享，多去了几次医院，就比较习惯挂号看病了。大家经验不一样，真的需要社会学堂（各种社媒）,7,
-君莫离_,男,真得有这门课，今年毕业出来当实习生，五险一金公司交的，我都不知道具体五险一金是啥，医保社保以前也是爸妈搞的，现在都得自己弄,8,
comeon2002,男,强烈要求推选为国家精品课程！！！！（比垃圾水课强万倍！）,12,
莜夙,保密,很需要，有网课更好[Hiiro_害羞]对我们这些快要毕业的绝对有帮助（蹲一下）[tv_点赞],8,
青音诤,女,好感人啊[大哭]快毕业了，好多东西都是吃过亏后摸爬滚打才知道的，每件事情看似不同，实际上基本的底层逻辑是相似的，授人以鱼不如授人以渔，比如生活中多观察多尝试，医院、车站什么看指示牌，问路人什么的。,6,
海天音生,保密,我非常需要这门课！,15,
Karroy-Eternal,保密,太需要呜呜，有时候去个地方完全就是一团糟，啥也不懂还要被人家工作人员嫌烦[大哭],16,
玉米撒嘛漫游地球,女,求网课上架[doge],23,
卖萝卜的大姐,保密,比如怎么使用打印机！，这些视频都可以分成不同的小视频，也可以帮到线上同学学习,6,
巴扎黑到处跑,男,最重要的一点：要安装什么软件先去搜一搜有没有官方网站，直接从官网那里下载,5,
深深深深的快递,女,我需要啊老师[大哭],11,
未名市小笨蛋,保密,老师！求网课！！！！,10,
MacaronBTS,保密,开网课！！！！！,15,
焦糖味布丁大佬,保密,卧槽 我要蹲网课！,12,
清水麻衣,女,我太需要这门网课了[打call][打call],9,
芫荽狂魔王二木,保密,开个慕课吧[大哭],11,
入世小葵,保密,希望讲交通事故的处理，尤其是和电动车相关的,6,
亓末末末末,保密,上架学习通[跪了]我真的很需要这个,7,
真的真的旺,保密,我觉得这些知识都是一个自然人，应该主动去了解,5,
牢渡-尘Man,保密,小时候听到这些会莫名其妙的恐惧，害怕，但是越长越大突然觉得这种东西要不了多久就来到自己身边了，没有一点预告[笑哭]感觉自己瞬间就要扛起特别大的责任什么什么的[笑哭],7,
高温拒否,保密,网课！开网课吧老师！,9,
李公村的樵夫,保密,真的好想听，跪求网课啊啊(´；ω；`),7,
一包辣条干,女,天哪我太需要了,8,
我一米六三,保密,一人血书跪求网课！,10,
蓝图海因,保密,想看医保社保，还有农村合作医疗保险，市民保险[思考]我对这些医疗保险都不太懂。,6,
阿莹莹kira,保密,[tv_馋]等网课~,6,
dandelions慕夕,保密,附议：啊啊啊我也很需要这门课！现在都快毕业了[委屈]但学校没有相关课程，希望up能bilibili更新课程投稿，希望能帮到更多人[星星眼],140,
一起吃空心菜,男,如何安装steam哈哈哈哈哈哈哈太全面了,6,
灵潇X,女,如何打破信息壁垒。现在这个社会很多时候都是信息战，最近就因为消息闭塞知道的太晚，导致没找到好的见习单位[大哭],5,
菲菲霏霏常美丽的巨兔,女,蹲网课,7,
布朗尼的小甜甜,保密,我想重新选修[脱单doge],6,
风如心动,保密,很需要 虽然明面上家里说不用操心，但需要对生活盲区有一点了解 比如水电费的坑。,5,
i黑米荞麦i,女,建议在所有学校推广,3,
薇特Violet,男,这个课要是做的好的还，厨子老师说不定可以影响全国大学生！加油！[打call],3,
关你屁事O_o关我屁事,女,我真的很需要看病指南，其实我在高二才知道原来看病需要挂号……高三的时候被蜜蜂蛰了一直都是一个人住，拍照给我妈，我妈让我上点蜂蜜，到学校后就越来越严重到整个小腿都是肿的。后来给我老师看，他看到之后立马给我批了假条，让我去中医院看(要知道高三了假条这个东西要不是真烧到38度，家长软磨硬泡都不好使)但我连号都不会挂，当时把我所有能带的卡都带上了[笑哭]，去的时候都快下班了，火急火燎的到处跑还要打针拿药，来来回回的绕晕了都走一步问一步i人真的很想死,3,
维希Vici,女,是这样的，工作后才发现自己不会生活，不会好好照顾自己，静不下心做家务，管理不好时间。现在通过做手帐计划、记录和复盘在开始慢慢改变，期待在老师这里学到更多☺️,3,
nntrman,保密,为啥没有这样子的课呢？是不是因为这些课出了社会自己慢慢就懂了，而高等数学这种没人教是不会慢慢懂的，而且大学培养一个人才本来就是亏本的，没必要耗费人力、时间去学习这些知识，而且，真正听这些课的有多少呢？大一教你怎么挑菜，你认真听吗？你记得住吗？你毕业了能记住多少呢？你别和我说这种课学到的知识你会按照遗忘曲线来回复习，而且到需要的时候你会翻开书本去查找吗？手机直接搜索，需要的时候就看一下不比这方便很了？,2,
BK-201-Li,保密,我个人很讨厌慕课，而喜欢老师正常讲，然后录下来的那种,3,
一曲清愁,女,真的非常非常需要，独自面对这个社会真的感觉很惶恐很不安，我们所学的知识并不能解决生活的困境 而有些问题问父母他们又说：“你一个成年人，怎么不会呢？”但从小到大，我所受到的教育就是你好好学习就可以了别的不用操心，为什么突然就要求我成为一个熟练周全的大人了呢？,3,
呆槑h,保密,需要啊啊啊啊啊啊真的非常需要啊啊啊啊啊[大哭][大哭][大哭][大哭][大哭]支持老师录成网课发出来[打call][给心心][给心心],5,
兔兔的猫咪,男,社畜也很需要[大哭],5,
该账号无法登陆,保密,老师  开个慕课吧  实在不行B站网课也行  真的好需要好需要  最近刚买了高铁票  每天都在看视频脑子里面过怎么坐高铁 [大哭],2,
北极长西瓜-,保密,我只知道看病怎么看，但是不知道想检查一下眼睛度数呀之类的一些检查怎么看，该挂什么科,3,
再馋芒果就紫砂,保密,做饭的基本逻辑：不要灵机一动,3,
网友陈怀安爱喝青菜汤,保密,确实，我都不知道去医院，坐高铁，订酒店等事情的流程[笑哭],2,
kkakjh,保密,老师，求网课,4,
王大可好吃肉,女,能不能加一个新电脑拿到手后需要设置哪些,2,
不会起昵称好头疼,保密,有很多应届毕业生能申请的补贴福利，我以前都不知道，完全错过了,4,
甲鱼碎碎念,保密,球球老师开网课叭老师真的很好[大哭][大哭]毕业了也想看,4,
波力个波里七,女,[大哭]说实在的，好感动。我也是一名师范生，但是我还是很迷茫，我在想我该怎么去寻找自己的人生理想，我也想成为这样的老师，教实用的知识，切切实实的让大家都得到帮助,2,
Tsing2223,女,长时间的生活在校园环境中看似是保护了自己，实际是与社会产生了脱节,3,
法尼培南,保密,开网课吧老师！拜托了,3,
无言wy_,保密,老师求个网课！！,3,
Derpot,女,我滴妈这可太重要了，老师你是我恩人啊[大哭],4,
清嘉丷,女,老师记得讲五险一金以及医保 有些考公的朋友可能会担心丢失应届生身份不知道如何单独交医保，虽然每个地区不一样但可以讲讲如何询问找哪个部门，例如深圳的医保现在并到税务去了 所以要去问税务局（不知道是不是全国都这样,2,
锦鲤梓暮,女,那个之前有一个网红叫什么小张，拍过很多类似up说的这种视频，不知道up这个课是怎么样的🤔,2,
冷冻汤圆,保密,太牛了太牛了真的很需要这些[打call],3,
龙蕾莎米婭,女,狠狠蹲住[给心心][给心心],4,
上下左游,保密,老师能不能开网课啊，我一定好好学[给心心],3,
和好的混血,男,网课网课必须网课，这才是当代大学生应该需要的，而不是各种无聊的水课,2,
合鸟pigeon,保密,老师，我给你投的币能算学费吗[脱单doge],5,
只想躺平作咸鱼,保密,如何养活自己，包括为自己的未来的养老金，财产管理[星星眼],3,
听风聊雨,男,在哪看,4,
当然是小原啦,男,wow本大学生深深共情了，之前就想过大家的生活技能不是很够，想要做一个网站来教大家如何在大学里面生活，但是后面梳理了之后发现这个工作量实在是太大了！就放弃了。现在看到up主做的这个事情真的很感动！如果up需要相关的帮助，我可以帮助整理出文档放在网上，[脱单doge][脱单doge],2,
Flash-Egg,保密,等等，如何安装Steam？嗯？[doge],3,
年鳝鳗秋鱼子酱,保密,大学多背几个锅就老实了[微笑][微笑],4,
江户川鸭南,男,哎呀，老师怎么选课结束发视频，来不及抢了[大哭],3,
可乐run,男,upup[大哭]，建议再加一个如何选电话卡、充足流量卡、以及如何抢火车动车票，真的很需要,1,
诡生iy,男,厨房知识表示不用，算是我这么一个fw唯一拿得出手的专精领域[doge]，从小同龄小孩玩泥巴，扮奥特曼的时候我就在厨房胡搞乱搞，喝生抽吃鸡精....很上瘾，小学每天写完作业别人家小孩满街疯跑，而我第一步就踏进厨房，开始逐渐做菜，寒暑假家里人都打工，整天就自己搁厨房待着，练刀功土豆丝一切切一天，从来乐此不疲，我妈也很欣慰土豆都是一买一麻袋[妙啊]。高中寄宿放假别人回家都是疯狂玩和睡，我一定要做几道菜避免手生，大学时候一直想考个厨师证，我妈不让，天生就是厨子的天赋兴趣表现异于常人，但别真干成厨子.....[妙啊],2,
卿卿卿爱的,保密,要不做成翻转课堂的形式，然后大家一起分享自己的经验和踩过的坑，这样还能有更多的素材了@,2,
潜夜行567,女,我需要,4,
霖止,保密,那年我刚18岁，我不知道怎么点外卖，什么是付款码……所以我认为这些知识真的很有必要,2,
懒懒第骑士啊,保密,有录课嘛,3,
帅气D-Mo_Han136,男,老师开网课吧，真的很需要，出了校门感觉自己什么也不知道[大哭][大哭],2,
西迪厄斯_天行者,保密,老师开个网课吧[大哭][保佑]你让我花钱都行[保佑][大哭],3,
Ronels,保密,这个太赞了[大哭]，感觉可以多邀请一些有真实经历的人来分享，用故事的形式让大家印象更深刻,2,
一灯之明,保密,好棒啊，更新了我就让学生都关注你！,2,
徐霖宇,女,昨天晚上和室友说了这个问题就是:没人指引让我的过去一败涂地，我的未来一片茫然。不怕大家笑话，我是家里第一个大学生。高考不知道为了什么，考上大学后不知道应该怎么做，马上要毕业了，突然出社会了就觉得割裂感很强。想立刻先工作挣钱补贴家用，想考研继续深造学点真东西（本科基本都在循规蹈矩学书本知识，也玩了很多日子）……高考志愿是随便填的，没人指引，大学里也不知道该怎么去学……不管了反正我会对自己负责,2,
所罗咩是好文明,女,最实用的一集……开个慕课或者b站合集吧老师[委屈],2,
rourou很多,女,"求个网课,本人就处于要好好生活，但生活不好各种别扭挣扎状态ing。说是备考实际连自己都照顾不好[大哭]",2,
不愿透露姓名的愚者,男,老师能不能录课！！！[大哭][大哭][大哭]我也想听，想听的点赞一块上去！,2,
小裙腰,女,有网课了一定踢踢我，球球你[给心心][给心心][给心心],2,
Tayalison,女,Microsoft电脑使用方法,0,
布布屋药匠,保密,老师！网课！,2,
星星在云端上跳舞,女,养老保险,3,
巴别塔妄想,保密,老师 我真的很需要[大哭][大哭][大哭]  辛苦老师了,2,
羽彧轩,男,我虽然不是大学生，但我支持你，出网课！！出钱我也支持（本人抠的要死）,2,
并非饺神,保密,这种课当然会有很多学生需要，他也确实重要。但是开设这门课程的老师需要面面俱到了解这一切这显然是一件工作量极大的事。以现在大学老师的入职要求来看，大部分入职大学的新教师无非都是正常进入大学以后本硕博毕业，而后通过考试进入大学，所以说很多大学老师他本身对社会的组织架构就不会比学生好多少，因为本身在大学这个单位工作对社会的见识还是比较局限的。,1,
Toby同学爱投币,男,有句话说的非常好，你所认为的常识是别人眼里需要学习的知识，这也就是点名的一个很关键的问题，如何界定常识？大学又是一个五湖四海的学生齐聚一堂的一种情况，所以在各个地市之间，民族之间这东西是很难做到明确的区分的。所以最好是先做调研吧，做调查问卷之类的,1,
绿针,保密,他们说长大了就都懂了[永雏塔菲仲夏集_玉玉小菲],2,
会喵喵叫的小鱼,女,"其实我很感谢大学里开的心理健康课程，让我知道了有些不觉得是问题的事情其实已经很严重了，而一些觉得很严重的事情其实只是小事。也终于知道犯错是可以寻求帮助去解决问题的，而不是只会被指责完之后还要独自面对。给了我力量去面对未来必然会遇到的事情。
[保佑]老师，学校教会我们的不是只有知识还有如何好好生活。[给心心]感谢厨子老师的努力~感觉真的会帮到很多人",1,
云心Tin,保密,我国的社会保障法 医疗保险 劳务合同等 进社会还有许多需要学习的东西,0,
xyz皮卡,男,求老师救救,2,
水色紫鸢,保密,大家都说你总会自己学会的，你应该自己长嘴问，但有一些事情，你不了解相关的知识，你甚至都不知道自己应该问……不问又怎么知道呢？不知道又怎么会去问呢？从来没有人教，结果习惯就成了理所当然。真的好喜欢厨子老师的想法呜呜呜，只有我们这种经历过第1次的人才知道这门课的必要性！！！[给心心],1,
黑羽在线,男,大学生刚毕业出来工作，结果生病了去医院，住了三天，回公司开不出病假。说要医院开什么单子，不懂怎么开。[大哭][大哭],2,
千墨sumi丶,女,刷了好多次老师的视频都没关注，刷到这里啪的一下就关注了！,2,
-嘎喵-,保密,我毕业了两年后才知道本科生毕业去工作的话还可以申请很多补贴，但是学校跟家里从来不跟我说这些，等到两年后才跟我说有这种，还能申请一万多的补贴，家里人还骂我怎么不去补贴，我都不知道有这事怎么去申请……,2,
北冥有猫其名为喵,保密,上mooc,2,
qwer8991,保密,以前有套书大概是农民进城指南，生活常识很多其实是需要生活在其中，比如知道带玻璃瓶子买酱油啤酒少5毛，比如放假前一天挤超载公交时候售票员边上会有空间放书包，比如父母吵架会有居委派出所子女要做什么笔录，比如老人开刀父母不在的时候孩子找谁签家属同意。很多这些常识现在的年轻人不见得需要知道，因为不见得是生活经历最重要的部分，相反现在的年轻人需要去负责更为复杂的社会运营结构，比如食用油如何安全运输销售，比如学校资源分配产学匹配，比如执法合规高效又能覆盖新兴问题，比如医疗如何扩容又要保证质量和普及性还想提高医生待遇，这些既要又要还要的社会需求，才是真正需要现在年轻人去卷的地方，所以有些流传下来的社会常识，真的还要人花时间在低效流程中去体验学会，恐怕放在现在真的来不及,0,
搞点薯条啦,保密,很需要！很需要！很需要！尤其最近再愁交通的事，我们那小县城我连公交都没坐过，家人送我来上大学，假期坐公交到车站我都不会[无语],1,
夸夸其谈nice,保密,厨子老师太好了[大哭],2,
O---V---O,保密,能不能网课同步b站[大哭][大哭][大哭],2,
琉璃鸭鸦,保密,你举的这些例子我都不会怎么办[保卫萝卜_哭哭],2,
邬叶威,保密,每次看厨子老师的视频，都感慨像厨子老师这种才是国内真正需要的教育者，才是真正教人读活书的老师。,1,
笑抽的兔子,男,我想看[打call][打call],2,
斯坦因不说话,保密,老师！还想帮忙解读让学生了解一下劳动法，大四实习了，但是特别怕一些什么第三方合同，还有转正前被辞退之类的，不知道怎么保护自己的权益,1,
DieLoreleii,保密,虽然up挺贴心的，但是其实大学和之前中小学相比很重要的一点就是要学会自立自强自学，不懂的就自己去检索自己去找，而不是被动的被灌输知识。自学能力越强，获取的信息越多，就比别人更优秀[打call],1,
米山舞银蛇,保密,MOOC上能开课吗[大哭][大哭][大哭],2,
Gloria阿瑶,保密,来晚了，已经入职一个月了[大哭]还是外地，租房那种,1,
RosyRoss,女,连专业知识都学会，学的会这些东西想研究的自然就会了。,0,
闿平,男,[吃瓜],2,
ab的好,保密,确实需要[笑哭][笑哭]上大学以来唯一有自然动力的课程,0,
映鸥,女,很需要租房之类的，第一次合租我就踩雷了,1,
刘老衲,保密,对的，大学生都需要这门课，还有一门，个人管理（时间管理，精力管理，财务管理等）[微笑]实用课程,0,
长街深港i,保密,很需要了 厨子老师录个网课吧[大哭],0,
烨子-代,男,这种东西不应该是向父母学习吗，为什么现在人基本都不会？,1,
永远天真-,保密,老师一定要教啊！我真的很需要，如果老师有空的话，可以发出来让我们一起学习，万分感谢！[打call][给心心][点赞],0,
没有咖啡的一天要哭哭,保密,这门课对于出来社会的人依旧很重要[笑哭]已经踩过很多雷比如租房这方面,1,
AKA汐入玖玖里,男,请问高铁和火车的区别是什么，怎么坐高铁，以及火车和高铁怎么转站（目前只想直通觉得转站太麻烦怕耽误事）,0,
tousAnd,保密,如何安装steam！我真的很需要[打call][打call][打call],0,
为3遇见更好的自己,女,太有必要的常识课了，大学生并不会觉得这是水课，而是他们会选择性的选择去听有用的课,0,
code了吗,保密,@bubbles泡泡 好有用,1,
妖魔横行,女,非常需要这样的课！看up会讲到五险一金和医保之类的，本来该在大学生职业生涯规划课讲的东西，我们的课程内容变成做就业倾向的表去了，相关内容就一张ppt带过。,1,
勿忘慎念,保密,@_花谢 这个是真有用,0,
_闻人_翊悬__,保密,想听[大哭][大哭]，woc我甚至是真不知道医院看病流程啊[大哭][大哭][大哭],1,
兰那罗大王堂堂参上,保密,老师开网课啊啊啊啊啊啊啊我真的很需要！！！可以放在慕课上！！！,0,
寻梦_归,保密,开一堂新课教同学们实在的真东西是一件非常好的事情，像《十万个为什么》一样，大学的课堂难免会有考试，只是说当一项需要了解的常识变成了需要学习的考点时总会给我一种反感。希望也建议这么好的老师能在教学和“考试”之间把握分寸，或者把教学和考试内容变成实操效果会更好一些。[给心心],0,
丶桃桃酱丶,女,我需要！,2,
cei嘎一西内,保密,厨子老师离了你谁还把我当小孩呜呜,2,
你是一只小金鹏,保密,支持支持支持！可以避免走一些弯路，降低试错成本，很不错了,0,
VVera-Q,保密,或许还可以讲讲劳动仲裁的流程以及仲裁相关的一些要求,1,
日暮寒栖,保密,厨子老师我们需要网课[打call][打call][打call],0,
Dr结城,保密,从未关注从未错过[doge],0,
抓只飞燕炖汤喝,女,非常需要啊啊啊啊！！！请务必录成网课ww,1,
葁摪,女,还有还有，坐车的流程，我没有自己一个人坐过高铁出远门，回家,0,
物鱼鱼鱼物鱼,男,现在的学生真的很需要这种课程，之前在学校那边去城里的医院边搜教程边走，排队的时候被人看到还意味深长的瞟了我一眼🥲,0,
牧羊星球的小王子,保密,这个真的有用,0,
老气的松果儿,女,建议学学马克思唯物主义辩证法，具体问题具体分析。[脸红],0,
KSong-凯槡,保密,大一的时候就离校租房外住了 自己动手尝试买菜做饭 找兼职挣零用钱 什么都不懂也没人教 踩了太多太多坑了 好在父母都是医 生了病也不怕 医院流程我也算比较熟悉 这门课真的很有用 能少走很多弯路,0,
心乐兮,保密,看过老师第一期课程，讲就医常识讲得特别好[打call]但是我也希望老师能讲一下社会识人常识。本人大一周末的时候第一次去漫展玩，逛累了到场馆外的空地上休息，然后有一个人走过来，拿着一张小卡片，上面印着他各种疾病和潦倒的经历，还有微信付款码，总之就是过来乞讨的。我看到小卡片上可怜的经历和其他好心人的签名，就扫码付了20块钱。又逛了一会儿，有另外一个人拿着同样的小卡片来乞讨，只是上面的签名不一样，这次我付了10块钱。等回到学校我感觉不对劲，在犹豫要不要报警揭发（疑似）团伙乞讨诈骗。为此事我内耗了好久，希望老师能解答我的疑惑[委屈],0,
系可爱滴小丸子呀,保密,这些东西快毕业的时候学校会有网课，关键看你自己看不看。咋说确实出来很多东西不知道，但是谁不是第一次，尝试就好。,0,
岚为芹,保密,老师网课收费我都买单！[脱单doge],2,
71821586384_bili,保密,真的很有用，出社会了都觉得很有用。,0,
克里安素,男,@糯米核桃糕 宝宝，这个真的很有用的,0,
小羊爱摸鱼,女,甚至我现在毕业一年了，身边好多同学还会因为工作、生活或者是维权方面碰到很多壁，这些内容真的非常需要！,0,
不是时常,保密,五险一金和社保医保（感觉真的很需要科普,0,
沐林旭,女,卧槽老师我爱你！[大哭][大哭][惊喜]第一个这么做的吧应该是，太人性化了！,1,
碎瑾瑜,保密,现在已经好很多了，网络越来越发达，获取信息的方法更多了，我那时候所有事情要自己摸索，自己去学。,0,
阿离我抱走了,保密,开一门网课吧，真的很需要,0,
-街角卖回忆,女,大学生表示真的很需要[大哭],0,
東山浩太,男,话说17的时候也是从小被要求读书就行其他什么都没干过就这样跑到国外开始独居生活了没什么难的,1,
让坂,保密,养成了什么东西都需要教的习惯，以后总会有自理不了的情况，然后又要怨天尤人说别人没教。成年人了，埋怨没人教更重要的是自己学,0,
浅色_時光,女,大四了，现在特别迷茫[生病],0,
Backlight枝年,女,还有怎么做地铁高铁甚至是有轨电车，第一次来沈阳这种大城市上学什么都不会[大哭][大哭],1,
Ryanzbili,保密,还有关于纳税，和基本法律逻辑(不伤他人也保护自己),0,
司泠,女,"我去医院拔牙。
我爸：你进去就完了，跟着走就行了，问就完了。
我爸去医院复查高血压。
我妈：你看着点单子是不是要叫你的号了。
混乱。
我妈：怎么还没叫到你，都你后面的去了，你快去问问。
一问，护士：你要去签到呀，签完到过来等号，没叫到你你也不赶紧问。
我妈数落一遍，护士数落一遍，进去了医生数落一遍。",2,
灯笼果粒橙,保密,一定要教excel和word,1,
安轩利,保密,老师，慕课，学习通，智慧树，B站，抖音都可以，非常需要这门课[大哭],1,
雀食栗骸,保密,插眼，我真的很需要网课,0,
暴躁小迪达拉,保密,还有如果作为消费者权益被损害时，如何处理[打call][打call][打call][打call],0,
iNVAiN9527,保密,"其实就两件事：
1. 如何自主学习
2. 如何获取帮助",0,
宝贝不让我抱,保密,老师，真的很需要这种课，很多东西都不会，也迷迷糊糊的状态学习,0,
账号己注削,男,这下真的感谢科普了,0,
嚣张跋扈瓜氏小师妹,女,……如何辨别松花蛋有没有变质[大哭][大哭][大哭][大哭]好想吃家里的松花蛋可是放了很久了也不知道有没有坏,0,
年少有为-仙,男,这种课真的很有必要,0,
榕轶,女,可以讲讲租房买房，房地产相关的[打call],1,
波比波比000,女,老师，可以开成录制的网课吗？真的非常需要！[大哭][大哭][大哭],1,
青河墨路,保密,还有如何收集、管理信息。（面对N个微信群的99+轰炸真的很无助，然后和朋友交流，会发现自己很多活动和比赛都不知道）,1,
L__ing__,保密,支持老师网课,0,
兴小烊yy,保密,啊啊啊太支持啦！！希望会有网课,0,
望深-,保密,正所谓“前人栽树，后人乘凉。”,1,
无意识碎片nefelibata,保密,这些生活常识也不仅限于课程学习，更多的是起到指引的作用而更重要的是实践。,0,
十寸之宇,男,"第一，学习和参考内容本身。

第二，考虑为什么大学生存在这样的常识问题；在这种背景下，性教育的在制度上的推动，是不是可以考虑的？",0,
丨丷梦丷丨,保密,独自出远门注意事项！还有独居需要物品,0,
小高是个番茄脑袋,女,求出网课！一定认真学,0,
狒狒大王称霸宇宙,保密,教教我如何自爱才不酸自私，如何爱别人才不会感到卑贱，如何受到伤害后（以前的），坦然接受。,0,
南中医儿科的老马,保密,老师，我在南京中医药大学，可以开网课吗？,0,
取个神ID太难了,男,计算机小白入门课程求求了,0,
LAUWZR,保密,@山河天念远 @Cameo丶,0,
周空-,保密,简易的水电木工，或者是告诉大家什么情况下身体是正常的，简单买点药就好不用去大医院,0,
点又耶_,女,如果前两年我能有这个课选，我都不知道自己能有多顺利[大哭][大哭]希望这种课，能够成为必修课吧[大哭][大哭]不要做选修课,0,
Sunclouds_,男,现在还是高三生但是很需要这个，这个课能看到网课吗,0,
bbgg丶毛驴驴,保密,支持老师，我也要上课,1,
沈砚37,保密,太有用了这门课，不敢想象我大学时如果听到有多开心,0,
小愚关,女,真的非常需要！！,0,
bili_23286650762,保密,是这样的，感觉自己的生活一塌糊涂，连个女朋友都找不到[大哭],0,
阔爱de男孩,保密,"大学生亲测
一天能有大几十块，
虽然多的没有主要轻松无脑操作一天一两小时
放动态啦[doge][doge]！！！",2,
熬夜容易生病啊魂淡,保密,学完没一定实践的话还是没用，因为这些东西日常我们也见过但是实践起来不容易,0,
轻松熊味的饼干,女,提问：如果不需要转诊，就在校医院就诊，仍然可以在校医院用医保报销吗,1,
云_悠_悠,保密,老师求求您出个网课吧[大哭][大哭]B站慕课都可以，我真的很需要这个，谢谢老师[打call][打call][打call],1,
JOleenG1901-,女,支持老师，我想上课,1,
KLXNBE,保密,支持老师，想看网课,0,
空空空子wow,男,真的不敢自己上医院，太局促了[捂眼],0,
你看我削不削你就完了,保密,老师，网课，很需要,0,
林夜昙,保密,终于有老师想到要教我们这些了，想当初我刚毕业时候真的是小白一只出来全蒙啊[大哭],0,
肉球球球球球胖,保密,老师真的很需要,0,
喜欢小棉花的狗勾,保密,已三连[给心心][给心心]希望老师可以出网课,0,
细踩白沙,保密,我真的很需要！球球网课！,0,
雪逸悠云,保密,我已经快退休啦，被同事们成为哆啦A梦，而且修的了电器，做的了甲方[星星眼]所以老师需要啥帮助？,0,
苦味方糖儿,保密,"我当初第一次离开家去外地生活上学，没有亲人没有朋友不知道怎么和人交往沟通，大学生生把自己逼出中度抑郁。大学四年除了社会阴暗面和人性的丑恶我一无所获，希望看到的人能以我为诫
内向的人一定不要觉得别人会在乎你的感受会关注你，只有你自己发声了才会有人看到你尊重你。没有谁是可以被忽视和不平等对待的，你怎么对待自己，别人就怎么对待你。当然以上是以不伤害到他人为前提的",1,
祭郁是非酋,女,@绳网用户ihan,1,
Mithrendir,男,这种社会经验说重要很重要，但大部分也很容易学会，基本上看一次走一次就会了，重要但价值不高。,1,
楽笙-,保密,一定详细讲讲五险一金，特别是要哪些能力才能取得有五险一金的工作[脸红],0,
aierweisi,女,还有农阳历怎么分！,1,
謏捷,保密,高中生在此，已经意识到了，这真的不是什么先搞好学习再处理的事情，学习只是生活的一部分，真的要清楚地认知这一点,1,
洛玄致,保密,老师，网课真的很需要！（一个云学生的期盼[大哭][大哭][大哭]）,1,
-BLME-,保密,真的很重要这些,0,
bili_42866374669,保密,大学生了要自己去学[笑哭]，生活知识网上都有,0,
柚墨月,保密,老师能把课程录下来吗，真的很需要[保卫萝卜_哭哭],0,
月的琳,保密,支持，这个真的支持，去异地上学独自去医院以后我真的是一脸懵，反复地问旁边的护士一步一步操作才看上病，高烧状态真的伤不起,0,
Tayalison,女,支持生活网课,0,
熙仔要减肥,男,务必出网课,0,
是沐叶哒,保密,"能不能放mooc上，我很需要它！
不行其他地方也可以啊！
求求你了！",0,
山間便利點,保密,老师，录网课！！！大学生就该听这种课！！！,0,
一罐安眠药,保密,开个网课，谢谢老师,0,
Chrisx_颂源茗清,保密,一定要录成网课啊啊啊！厨子老师[打call][打call][打call]赛高,0,
W月半慕,保密,厨子老师，求个网课,0,
正比例_函数,保密,@混吃等死的高中生 学,0,
a__chen__,保密,@不喜欢草莓糖 我感觉我像你爹，但是我还是要@你,1,
布拉德爱吃香菜,保密,开网课，谢谢老师,0,
只是想给每个v一个家,保密,老师搞个网课吧，我选修课一定会选的😭,0,
45248518,保密,太棒啦！[惊喜]非常需要[桃源_给花花],1,
ZX钟旭,男,希望增加分享一下 坐飞机+银行办业务+购房流程,1,
隰淇鹘怪,保密,不是...厨子你...真的真经啊，我哭死，这东西真的有用[大哭],1,
尘墨秀,保密,好实用，赞赞赞赞赞赞赞赞赞,0,
半夏夏肥肥瘫,男,这个太需要了太需要了,0,
五岁爱学习,保密,三连三连！网课网课[打call],0,
七月星晴,保密,太需要了老师,0,
Pcx-ing,保密,希望老师可以加 简历如何写、人生主线指南,1,
泷仁千寻,保密,说真的，就比如大学生医保这件事，学校只会催着我们交钱，但是没有一节课告诉我们如何在医院里正确使用自己购买的医保[生气_金箍],0,
梅老板der煤球,保密,老师我关注你了我真的很需要,0,
璇归senki_,保密,支持 求网课,0,
成分复杂的朱弟Judy,男,求制作成网课,0,
好逸恶猫,保密,呜呜，作为电子信息技术文盲，我玩游戏看不懂电脑配置，不了解硬件的参数和标准也不知道什么是好的什么是不必要的。要是我不玩游戏可能甚至根本不会想到要注意这些，但是需要用了要学却一点基础都没有，特别抓瞎[灵魂出窍],0,
绫人的手摇奶茶,女,5555老师，能不能也教教我们，我也想听老师上课[脱单doge],1,
小羊爱摸鱼,女,还有一个！很重要的！怎么跟老板谈薪资以及辞职的过程！刚出来工作很多人都觉得自己很廉价，不会提高自己的底薪，这是不对的！！！！！！看我！！！这个！！！很重要！！！,0,
小奶莓的心臟吖,女,一边要求15小时高强度学习 一边嘲笑学生什么都不懂,1,
像沙漏一般,女,这才是真正的大学生就业指导啊,0,
溯梦馆小馆主,保密,做成网课！,0,
雨落长安夜l,男,老师！求网课！！！！,0,
是小麻雀鸭,男,这才是我们真正需要的好老师！！！[大哭],1,
啊我的眼睛QAQ,保密,确实需要，现在有时候有点迷茫,0,
账号已注销,保密,与时俱进的老师[支持],0,
bili_19210532668,保密,不是我说难听的，我估计就算刷到这课我也懒得听懒得记[笑哭]我觉得生活常识真的好枯燥，比做数学题还枯燥[辣眼睛]不是我显摆哈，我真的平时宁愿做数学题也不想学这些[笑哭]我奶奶也教过我一些但对于我来说都是耳旁风,1,
阿蘇公子,保密,还想学出国旅行，租房、买房卖房、买车卖车流程[doge][doge][doge]把老师当成阿拉丁神灯许愿[脱单doge][脱单doge][脱单doge]老师辛苦啦！,0,
归于虚无_,男,老师开个直播录课吧，大家什么都会做的[微笑]目前大二感觉自己是个社会废人活着浪费空气，但又不算是抑郁，很奇怪,1,
o繁星ovo,保密,讲点实用的[大哭],0,
慕符之狐,男,瓜果蔬菜可以[OK]@李汎的健身日志,0,
萌可鸭,保密,老师能发b站吗？真的很需要,0,
异常疯狂承载掠影白鸽,保密,这个非常有意义,0,
最菜的小黑,男,老师，求您录课上传b站，我求您了![大哭][大哭][大哭][打call][打call][打call][打call],1,
Disfigureded,男,支持！需要网课！,0,
春风第,男,支持，列举的那些，我现在只对做饭比较熟悉[笑哭],1,
南麟-唐,保密,老师我求你同步网课[tv_流泪],0,
IRIS--------,保密,"我也想听，能录视频吗?!!
老师考虑得超级细啊",0,
翔君还有话要说,男,问题来了，如果有一些同学钻牛角尖说“你凭什么说/定义他们是常识”，就会很难办[灵魂出窍][灵魂出窍][灵魂出窍],7,
b站版三叶,保密,可以的，之前刷到你好多次都没关注，这次关注给你了[doge],0,
蓝花稽,保密,关注了，一定要端上来啊[tv_大哭],0,
Hnormald,保密,真的很需要！！！！！,0,
萌新瑟瑟发抖030,保密,"建议加入 基础电脑操作[doge]
嗯 高中课程吧",0,
不变形的汽车人,男,这才是大学生想要的公开课[给心心],1,
PTOFY,男,这课不错[支持],0,
小蛇的尾巴尖尖就是了,保密,素，前两年我还大二的时候我就发现这个问题了，从小到大我都在不停地学习，我根本不会做任何除学习以外的事情，然而学习本身也学得高不成低不就的。我的人生原则第一条就是：学会生活，好好生活。,1,
香脆炸苹果,保密,我靠真有老师这么干了啊好好啊想要网课啊啊啊,0,
鑫宝肚肚圆滚滚,保密,坏了，我这种人已经上课上的思维固化了，一看到开课最先想到结课考核是什么[笑哭],1,
strive-fithing,保密,支持老师，期待网课！！！[打call],0,
害羞的粉色骨头,男,网课很需要[大哭][大哭][大哭],0,
君临安くくく,保密,[模糊小黄豆_爆哭]羡慕了，我刚从南传毕业,0,
遇事不决先过判定,女,期待网课！,0,
雪逸悠云,保密,老师很棒！,0,
ch陈钰熙,保密,哇终于找到老师了，之前一直在视频号刷。,0,
Sharlen1111,女,老师，网课球球了！还想听下异地医保[保佑][保佑][保佑],0,
落家小影,女,好好好，真的很需要这样的课,0,
我不喜欢香菜我还炫你,保密,求录成网课[大哭][给心心],0,
温柔爱喝水,女,求网课,0,
乱网,保密,深有所感，我现在大二，以前住校过所以会有一些生活常识，但是新来的大一新生中有些没生活常识的，连洗衣液该放多少都有人不知道[笑哭],1,
我路过而已你们继续,女,我真的很需要！！！家里人有时候不太管我 我也目前没有乘坐过高铁那些 今年买票慌慌张张搞了半天才弄懂………[2024明日方舟音律联觉_精神涣散],0,
小姜老师不将就,保密,真的很需要，虽然已经毕业了[大哭],0,
早起买夜宵,女,蹲网课！真的很需要[大哭][大哭],0,
止凡为前,男,东西太多了，感觉一个老师不够啊，辛苦了[给心心],0,
渺渺虫,保密,听完了挺好的，谢谢 up 主,0,
Phantom_小芳方,男,最简单的一斤大概多沉，一两大概多沉，怎么分清东南西北，[OK],1,
在理想中溺死的暄某,保密,感觉不只是大学生，大家都可以学一下[tv_doge]毕竟是生活常识,0,
渲沐正在瞎逛,女,想看网课！,0,
D_GuYing,保密,有用[支持][支持][支持][支持][支持][支持],0,
金星上的外星人,男,这才是大学真正该交的，可惜我上学的时候没有，不然高低得选,0,
好想要变成一只猫,女,菩萨啊，需要网课[打call],0,
莎士比哑猫,保密,而你，我的朋友，你才是真正的英雄,0,
璨若曦阳,保密,从小到大家里都是那种太阳能的热水器，冬天没热水就烧水洗澡，然后租房那种电热水器我是第一次用，然后看了半天，😂,1,
_云飞风起-,女,这才是大学生真正需要的课[大哭],1,
电子电气小说家,保密,这才是我真正需要的选修课啊[笑哭],0,
水天归处,男,谢谢老师，说真的尤其是社会事务从小到大基本没有任何一个环节设计到这些知识，然后突然要求你一出社会就知道该怎么做,0,
左律银杏爬墙加百罗涅,保密,这个是真的需要啊……很实用,0,
ike3velanD超帅的,保密,期待网课，给这视频三连先，有网课了希望踹踹[Ike Eveland_strawberry]（如果能在我毕业前出就更好啦）,0,
0快乐00,保密,老师，请录成网课发出来，发在哪告诉我们一声，真的很需要[打call][打call],0,
雾厘_PtkK,保密,支持想看网课,0,
说脏话牛奶-文明版,女,期待线上课！,0,
懔易,保密,蹲网课，真的很需要[保卫萝卜_哭哭],0,
六币改名太贵,保密,建议做成开源文档，社区力量能推进得更快（我猜肯定有好些人有很多话要说）[doge],1,
励志戒糖的秃头少女,女,厨子，你怎么才开这门课啊[大哭]我都毕业啦，,0,
梦攸殇謦,保密,真的很需要啊[星星眼][星星眼][星星眼][星星眼],1,
salll-l,保密,@evan_claude 请与我一同接受社会化训练,0,
焦糖爪妖玲,保密,先来个一键三连，期待老师的录课[大哭][大哭][大哭][大哭][大哭],0,
账号已注销,保密,真的很需要,0,
天祥院翠花,女,"我们那时候哪儿有你们这条件.jpg
轮到我来感叹了[笑哭]",0,
必然喝一瓶,保密,求网课,0,
沐笙与泪,保密,老师录个网课吧,0,
ylway_,保密,[热词系列_知识增加],0,
tyrant_chen,保密,直到你报出课名 我才意识到你不是在玩抽象 被骗习惯了[笑哭],1,
洛圣都张三,男,确实，很多事看着大人办习以为常，要是把自己带入到那个位置，一时间还真不知道怎么处理,0,
蠢虫cc,男,作为大一新生，我真的很需要这个[大哭],1,
一梦入清风,保密,如何安装steam！我真的很需要[脸红][脸红][脸红]天呐，好细！！感谢up！支持up！,0,
j尖尖,保密,谁说没有防诈骗课  我开学第一节就是防诈骗课上了四个小时,0,
沉默的歌手闪电,男,是这样的，因为大学前的教育的那12年全是应试教育，有些学校甚至还会鼓励你不洗澡节省时间之类的，所以很多大学生缺乏社会经验与生活经验,0,
大疯吹发丝飞,保密,买菜种菜烧菜的我都关注了，我觉得很生活很有帮助，祝行出行啥的也很常识，想要了解更多,0,
辛榭若离,男,我不知道该怎么说，但你发成网课我一定会看,0,
Oranmo_QvQ,保密,[保卫萝卜_哭哭]可以上传到慕课吗老师,0,
搓皂枣,保密,太需要了老师😭😭😭😭,1,
姜阿六,保密,谢谢，网课,0,
-何以战-,男,还以为生活知识到了一定年龄会自动进入我的脑海里[doge_金箍],1,
渗透色相,保密,谢谢鸭王老师！！！！！！！！！,0,
正在攻略大书库,保密,超棒[doge_金箍]不过我总是有种这是小学应该教的课程的感觉[大哭],1,
主播叫我小满就好丶,女,还没毕业 但想学,0,
一条快乐洒脱的咸鱼,保密,保险怎么买合适，意外险啊重疾险啊都可以讲讲,0,
QI锵锵,女,我服了谁能教教我怎么把医保转回自己的居住地啊[笑哭]我的医保还在学校地址，可是我已经毕业了啊，网上搜出来各种办法，为什么学校不开课教啊,0,
糖果带盐,女,这才是真正该教的[打call][打call][打call],0,
转圈圈QvQ,保密,哇塞，这个也太实用了！要是我之前有福利[笑哭],0,
想啊想不到,男,不是哥们我都快毕业了，来不及看了啊[大哭],1,
beans默默,保密,刚毕业的觉得太有用了啊啊啊啊啊啊[星星眼][星星眼][星星眼],1,
烏铲接济妧遂,男,这是我们学校的老师啊[笑哭][笑哭]，老师好，关注了有一会儿才发现,0,
月珩又到了躺尸的日子,保密,求网课,0,
樱沫花雨,保密,谢谢老师 真的很需要,0,
Blue_阿布,保密,非常完美的课程,0,
花三怂怂怂-,保密,厨子老师你是我的神！！！！请务必上传网课,0,
Lthrmtc,女,真的很需要，在异地上学生病了去医院不知道怎么办，从小到大看病都是家长陪着，一个人真的很无助,0,
尼莫无人,保密,狠狠投币了[打call],0,
苹果小兔叽,保密,如果早一点能看到视频该多好[大哭][大哭]【我人生第一次自己去医院看病，有些社恐，当时自己都快把自己绕晕乎了】,0,
心之所属绫地宁宁,男,老师，我也想看[微笑],0,
小E小I,保密,老师直接同步开网课吧……不舍的错过任何一点生活技巧，因为我已经是一窍不通的生活笨蛋了,0,
墨盘灌汤包,男,我嘞个全能up老师啊,0,
Izu0麟旭,保密,三连当学费了，支持！,0,
kong聆听世界,男,好实用啊[大哭],0,
蓝曦滢婉,保密,大支持！第一时间预定网课！,0,
dixfre-,保密,赞美！可惜我毕业了,0,
北屋有人,保密,谢谢老师！我要上课！,0,
贺三啊啊啊啊,女,出社会的一些事情确实希望能讲讲，投币啦[脱单doge],0,
山茶剪影,保密,求更，真的有时候自己突然一个人面对一些琐事挺茫然的,1,
月辞叻,女,天呐真正的青年大学习,0,
屁股顶起阿刃,女,大人很多事都不会跟我们说，好像我们到了年纪自己就懂了[藏狐],0,
栗子安然悠,女,三连了，老师一定要发到网上呀[大哭][大哭][大哭][大哭][大哭],0,
---呆呆槑---,保密,蹲一下录播课，有了踢我一下[星星眼][星星眼][星星眼],0,
木辛欣以向荣,保密,我想说一个，共享单车车后轮位置有手动车锁，往下掰才能把车锁上。有一点点跑偏，因为我在上大学之前没骑过共享单车，一直以为还车是在手机上点击，但是手机上没有“我要还车”的按键，自作聪明地发现点击“忘记还车”可以手机上还车后，还把这个方法教给了另一个骑车后对还车无从下手的陌生同学，如此还车七次后我才发现这样做会扣减骑行信用积分，研究了一番才发现的，希望能帮到陌生的你吧。,0,
宝宝你是我的狗,女,救救我…不知道怎么去体检，还要人陪我，甚至不会走除了上学之外的路，工作了对自己也没规划，老师我真的很需要,0,
小呆要挣扎爬上岸,女,非常需要，谢谢老师，一定要分享出来,0,
乚奴家,保密,"老师我也想听！五险一金！！！可以的话老师可以先收集一些现实情况然后再转化成课堂内容。
还有就是报警这方面，之前被骗了没有任何人给一个合理的报案流程好难过，民警也不帮我[保卫萝卜_哭哭]",0,
六小蛋,保密,这个真的好实用阿,0,
WLS-DARK,保密,急需网课！！,0,
雪迷焚戏,保密,老师，我们老师让做创业计划书，我们有方向但是没有一点点头绪[保卫萝卜_哭哭][保卫萝卜_哭哭][保卫萝卜_哭哭]真要崩溃了，就上了四节课就要写创业计划书,0,
娜娜扉奇,保密,三连支持！！！真的很需要，瓜果挑选也有，真的很到位了[支持],0,
双面胶要沾番茄酱,保密,老师下学期还开吗[大哭][大哭]睡过头了没抢到啊啊啊,0,
小气球丨丶,保密,想听[给心心][给心心][给心心],1,
久萧韵外,保密,我确实需要这样的课,0,
JieGe93849,男,在哪看啊，很需要,0,
一崽wy,保密,老师我在订阅号看到您了哈哈哈,1,
超强学习体SaSa,保密,这下不得不关注了,0,
云之绵绵,女,对啊，还有银行卡之类的，我原来都不知道，原来银行卡是要交管理费的[大哭]每次去银行都稀里糊涂的。,0,
瑞光暗邪,男,应届毕业生真的很需要[打call],0,
一川没有声带,女,支持！！！,0,
星封野,男,up主可以做成视频,0,
韩国的下米诺手啊,保密,上MOOC罢求求你我什么都会做的[大哭],0,
白热背景辐射,男,好课，赏,0,
小小狸子,保密,你的人生其实就相当于你创建了一个游戏账号进入了游戏，不同于游戏的事，它没有菜单，没有选项，你不知道这个游戏都有什么游戏内容所以你也不知道这个游戏该怎么进行下去，这个时候，带你入坑的小伙伴（父母）开始一点一点教你游戏玩法，然后你在前期疯狂肝疯狂攒终于考上了大学，游戏任务出现了，选择你的专业，你发现依旧没有菜单选项，你不知道这个世界到底有多少万种专业，所以你也没有办法知道你要选择什么专业，然后就会被各种前辈稀里糊涂的推荐各种专业，但实际上你喜欢吗，你不喜欢，你预感到这个号好像要练废了，但是没法删号重新建号，没有办法，你继续硬着头皮往下玩，然后又是肝肝肝，你大学毕业了，你要踏入社会了，游戏地图现在变成全开放状态，你不知道要去什么地方，没有任何菜单，出了任何问题都没有选项去点击选择，然后，你唯一能做的就是问前辈，不管是互联网还是附近的人，你只能这么做，因为截止到目前为止系统还是没有弹出任何提示和菜单选项，你慢慢的摸索，学会了制作简历，学会了包装自己，学会了工作，学会了如何寻找房源，租起了房子，从简单的组装你的第一个属于自己的桌子椅子到买了属于你自己的第一把扫把拖把皮搋子，你开始学会修理各种东西，开始知道健康证是什么，学着去搞了健康证，知道了六险是哪六险（大部分是五险）一金是做什么的，从你第一次去药店付款到后面知道先刷医保卡，从你一开始只习惯用ATM机到后面开始频繁去银行柜台办理各种业务，你现在进入银行医院这种设施中开始注意要不要去摇号排队（火车站前台购票也需要）你开始出差住酒店，你开始知道酒店一些冷知识，到最后你发现，工作的稳定程度有时并不是你能决定的，你的公司倒了，你失业了，老板欠了你的工资跑了，你开始迷茫，你振作了起来，你学会了仲裁，你发现仲裁没有吊用[doge_金箍],0,
玲珑书,保密,老师，我有一个问题，你们学校有要求你们必须选一本三年内权威的教科书作为教材吗？（哪怕没有合适的也要选的那种）你选了哪本课本呢？,0,
尔东陈同学,保密,球球！！！网课！！！需要！！！,0,
小雪魂,男,真的要有网课啊,0,
我字逍遥ZH,保密,上mooc！上mooc！学习通也行！,0,
解攸笙,保密,求网课,0,
玖夜的宝贝,保密,求网课,0,
连续不一定可导-,保密,这才是青年大学习啊[大哭][大哭],0,
莫问皈处,保密,支持！真的很需要[保卫萝卜_哭哭],0,
夏色祭Offiicial,保密,现在我研三，直到去年我都不知道五险一金都是什么[藏狐],1,
丧丧的白小白,保密,老师，上课的时候可以开直播吗[大哭][大哭][大哭],0,
Zying要坚持学习鸭,保密,感谢up[打call][打call][打call],0,
念念相忘CC,保密,老师我也很需要！！！！,0,
恐虐与香辛料,男,我到高中毕业还是那种懵懂无知的状态,0,
零时入梦,保密,这才是他宝贝的青年大学习啊,1,
梵酒-,保密,原来老师有b站账号吗 之前一直在微信视频号观看[大哭],0,
是小苒吖-,女,特别需要！！！！求厨子老师录网课[委屈][委屈],1,
lovepeacer,女,请更新在B站！老师！我一定好好听课！,1,
枫天之幻落,保密,开个网课在学习通吧，这样我就能选了[大哭][大哭][大哭][大哭],0,
月下鹿中影,女,这么帅[大哭]离家打工去了，一到夏天就因为把西瓜忘在冰箱结果吃完真菌感染了[大哭]第一次听说冰箱不能长放东西,0,
素素宿酥,女,保险也很重要，很多公司没有补充医疗这类的保障，还是需要自己去购买的,0,
松云2233,保密,这个课是真的实用！,0,
抑制情生,男,有网课！真的很需要！！！,0,
一幕沐木mu,男,"一个人生活以后确实是关注了很多有关生活技能的up🐷，买菜做饭，什么时候穿什么衣服，常见的生活常识之类的，特地放到一个""青年大学习”的组里面",0,
拾柒理,保密,我需要啊老师！教教我！,0,
向日葵花田_,女,老师，我真的很需要这门课！[大哭],0,
沙雕网友团团长,男,太实用了,0,
熹祠,保密,真的很需要，一上大学发现有很多东西自己不懂,0,
Riguardo,女,好好好，大四了，乱七八糟的大学生活马上就要结束了，终于是让我等来生活课了,0,
优秀de小雷,保密,想看纳税相关，医保相关,0,
高低高低高高低,男,一眼看成“我在大学里学会了开门”,0,
设计师的脑洞,女,能不能教教男孩子们怎么摘菜洗菜啊……炒菜容易，备菜难！不是烂菜叶子就是有泥土和高蛋白！！！,1,
急需小蛋糕续命,女,我也想上这个课……,0,
长丙木,男,麻烦一定要录，求求了[热词系列_三连],0,
混沌根本打不过,保密,投币了，期待开课[给心心],0,
墨竹_莫逐,男,老师，来我们学校教[笑哭],1,
6个lulu,女,想学啊啊,0,
月霜晨曦,保密,老师开个网课吧！！,0,
宅音daze,女,真正的青年大学习[给心心],0,
且顾诗酒好年华,女,老师[保卫萝卜_哭哭]我也要上！！,0,
年小画,保密,人是不可能全知全能的，生活也不可能等学生准备好了再发难。与其开课讲得泛泛，不如直接教授他们搜索和获取信息的途径。天知道这几年发现好多学生的信息搜索和阅读理解能力简直是负值……很难不无语[笑哭],0,
文黛西,女,好棒的课！考核可以让学生自己选一个常识去了解，并整理成别人能懂的逻辑，而不是去考课上出现过的常识。这样的话就是授人以渔而不是授人以鱼了！up真的是很棒的老师🥺,0,
栊枢,女,我觉得老师可以从大学生毕业去找工作这个时刻开始普及生活常识，这样感觉会让学生比较有代入感！,0,
余温-3-,保密,老师你好，网课谢谢,0,
电子BOOM,保密,支持！！！好需要！！,0,
谢俞是最帅的,保密,老师，可以试一试剪辑成vlog形式来教导？！,0,
破防与破烂,女,租房装WiFi，修空调，修马桶 办理港澳通行证护照签证，辞职的合理流程以及社保公积金处理[喜欢],0,
百亿信用点收丹恒原味,保密,这些真的很重要，毕业后才发现自己什么都不懂，可惜学校没人教，只能自己一点点踩坑,0,
-AlphaTauri,保密,真的很需要，大一新生连淘宝怎么退货都不会，更不要说去医院,0,
智慧的可达鸭鸭,男,不说了 直接三连 这门课对我真的很重要,0,
辞白茶,女,网课！我也要上！,0,
山眠静待归,保密,终于有老师开这门课了[大哭][大哭],0,
浮云洛叶子,男,我都大四了才刷到[大哭],0,
茕茕孑立执而不止,保密,求你。。。在b站同步这个课[保卫萝卜_哭哭],0,
拌糖栗子,女,刚刚毕业，非常需要[委屈]拜托了[跪了],0,
君君臣墨,保密,支持，期待网课[doge_金箍],0,
慕斯今天吃什么,保密,[2024明日方舟音律联觉_点赞][2024明日方舟音律联觉_点赞][2024明日方舟音律联觉_点赞],0,
XXX00122,保密,关注了,0,
阿曈,保密,厨子老师，你背后闪着圣光，我的天呐,1,
这里是清月吖,女,网课求求了，或者录播课也可以的，过期大学生想要[大哭],1,
暴躁的焦糖布丁,女,谢谢你老师，期待后续的网课🥹,0,
未云哇,保密,我想进步老师!!!![星星眼]网课!!!!!务必上传!!,0,
夏天就是很好,女,老师我真的非常需要…我真的特别特别无知经常被人说“这不是常识吗？”但我真的不知道从哪儿知道啊[保卫萝卜_哭哭]社会上很多问题完全搞不懂…,0,
新年好蛙蛙,保密,刚进入社会，好突然也好迷茫，自己有点琢磨不清楚，求厨子老师分享网课，好想上[大哭][大哭][大哭],0,
每天努力变欧的苏某人,保密,厨子老师b站上传你的上课视频吧我求你了[来古弥新_期待桃],0,
怿栀37,女,还可以讲讲股票基金这种事情，感觉了解一点也有用,0,
魂之殇矣,保密,天哪，好期待，我也想上这门课,0,
yue姐,保密,期待，太需要了，25岁大龄学生依旧不懂就业签公司要注意什么,0,
永远快乐的萍琪派,女,老师！！！你就是我的赛博老师！！！,0,
小徐今天努力啦吗,女,大学生表示很需要 老师录成网课吧[打call][打call],0,
提拉米苏苏苏苏yu,保密,厨子老师好！🥺🥺🥺🤲❤️❤️❤️,1,
我---的天呐,保密,社交礼仪一定要重点讲，有些人不知道把持距离，都婉拒了还要舔着个脸贴上来，还喜欢莫名其妙刷存在感,1,
晓和昀,保密,最简单一点，[保卫萝卜_哭哭]上大学突然要我自己去弄医保，建银行卡，不是说这些很难，只是我在上大学之前这些东西基本就没接触过，接触最多的只有学习。社会技能是为零的，而上了大学突然就要求大学生会这些，都没人教过啊[热][热],0,
徳嫣,保密,谢谢你！,0,
葫芦漂洋,男,这下真投币了，高三生感觉到了大一这些全是问题,0,
特笑药NGC2237,保密,厨子老师，好想要网课[给心心][给心心],1,
9527号离火,保密,还是要实践吧，但是实践不好安排,0,
未一丿,男,很需要啊[笑哭],0,
brightlich,保密,非常好[打call],0,
戴毛线帽的女孩呀,保密,老刷到   今天积极关注,0,
我太喜欢当人类啦,保密,建议添加关于电脑各种操作基本知识，比如说C盘各种盘什么的，还有u盘的相关知识什么的，开学前需要了解的，可以那什么，在PPT里面贴B站up的链接账号什么的，应为b站都挺丰富的，而且质量高[脱单doge][脱单doge],0,
山山落晖w,女,三连奉上，请务必开网课,0,
寺庙敲钟接班人,女,我今天才知道，快递的外包装没破损的情况下只有里面的东西破损了快递公司是不会赔偿的，他会把责任推给发货网点[大哭]我以为暴力运输造成物品损坏是可以找快递公司赔的呢，没想到啊真能踢皮球啊,0,
WellingLeung,女,我也想上你的课啊！,0,
一只假装会滑雪的丸子,保密,《非常有用》,0,
雨墨旅,男,投币！我要看！！！！,0,
Hugee_Les,保密,支持老师，不仅是大学生需要🙋🏻‍♀️,0,
通辽汗国总代表,男,[海虎表情包_波士万岁],1,
夜雨霖铃彼岸花,保密,最支持的一集[打call],1,
不喜欢海鲜的猫子酱,女,真的很需要，，除了做饭，其他都不是很了解,1,
阮云筠,保密,请一定要开课呀！我会来看的！,0,
阿兰是个幼稚鬼,女,录网课谢谢[大哭],0,
菌菇棠炖元子,女,真的超级需要啊！我蹲蹲[星星眼][星星眼][星星眼],1,
Lotus的人生实验,女,谢谢老师，您是天使，这个课程付费我也会听😭,0,
青柠味的羊i,保密,支持[打call][打call][打call],1,
叫乌芝芝捏,保密,支持，我是真的常识很少的那一类，我19岁了，长这么大没单独存过钱，笑死我了，我在外省读书，上次想去银行存钱，我很尴尬，因为我不知道这个社保卡外地存不了，然后我又没带邮政卡，后面只能拜托朋友帮我存，然后转给我啦[酸了],1,
胶质,男,三连了,0,
_橘子の汽水_,保密,真的是神仙up[跪了]刚出来工作，把能踩的雷不能踩的雷大大小小踩了一遍[跪了][跪了][跪了],0,
江屿山月,女,老师我是你的云学生啊[大哭][大哭]想看网课[大哭][大哭][大哭],1,
Scenery888,女,老师，需要网课,0,
小狐崽要抱抱,男,老师，毕业好多年的大学生也需要[大哭],0,
彗星260,女,求网课,0,
是晚月呀,女,网课！！！求求,0,
空城闻笛赋,保密,我靠 一看老师的学校在南京 啊啊啊要是近的话就可以去蹭课了,0,
柚子胡椒磨成粉,男,求网课,0,
可乐薯片yee,保密,慕课！！,0,
北野亮,男,支持，迫切需要,0,
薄荷冰x,保密,[笑哭]突然发现原来我会这么多,0,
sweettastelove,保密,虽然我已经大二了但是还是感觉很需要！！,0,
Soonnn_2,保密,毕业早了[大哭],0,
栗子芋泥鸭,保密,老师我瞬间关注,1,
与君共战,保密,求网课老师！,0,
MM-CC-XX,保密,我也想听,1,
这是楠汐呀,保密,真的想要！！在哪里上[黑眼圈_金箍],0,
那少年名为苏野,保密,求网课！！！！,0,
万周CZ,保密,老师能不能来zjui上这门课啊，我非常需要啊啊啊球球了[脱单doge],0,
嗷耶耶耶了咩,保密,支持！！,0,
幸eve,女,而你，我的朋友，你是真正的英雄[给心心],0,
是条清水鱼yuu,保密,需要网课！！,0,
好中意返工啊,女,关注了，毕业好几年的大学生也需要……,0,
飲料機_,保密,教案咋写呢,0,
鹿冷凝,保密,我需要这门网课！[小电视_赞],0,
红扑扑的脸蛋多可爱,保密,非常需要，来开网课吧，大家什么都会做的[大哭],0,
黄烦烦爱吃糖,保密,等网课了！,0,
美强hopeworld,女,应届生这个身份还是挺重要的，趁还没毕业提前了解应届生优势，比如就业，很多事业单位都只要应届生，错过就🈚️，还有租房补贴、就业补贴、创业补贴等等，别错过了后悔[大哭][大哭][大哭],0,
C_Hamburger,男,真的很需要,0,
姜澄今天写作业了吗,保密,下学期可以选课就来力！！！！等我等我,0,
JJ怪尘,女,很需要，支持,0,
涂山罩着我,保密,bilibili大学名不虚传[doge],0,
医学生爱小狗,女,投币了，老师你真的，，,0,
dontgetattached,保密,在哪儿能看啊[珈乐Carol_草莓袜子],1,
宁安TAT,保密,很需要啊球球,0,
卡布叻_雨鱼,保密,网上也同步一下谢谢[大哭],0,
花蟹国王koyaland,女,厨子老师你是我的神！,0,
白梦清,保密,cy，有整理好的视频踢我一下,0,
Bolieamilaye,保密,好想看网课老师！！,0,
蠢BT,保密,因为这个可以关注你,0,
漫步云端的旅者,女,天哪[鼓掌]很需要已关注♥,0,
梦金炎,保密,以前觉得帅也没关注，因为要搞这个课才关注你了[脱单doge],0,
世界的彼端,男,虽然我30+了，但我真的很需要你的课[笑哭],0,
咕咕叫di鸽子,保密,来个网课吧！,0,
氵璃镜巜星屿潮鸣彡,女,这个我是真需要[花花Haya收藏集_我的呢]处于毕业还没毕业的风口浪尖，每天都焦虑得不行，还得装作没什么事[花花Haya收藏集_呜呜],0,
面面丸子-o-,保密,真的很需要[点赞],0,
啾啾啾邱啾,保密,老师真的很需要网课[大哭][大哭],0,
阳椿白雪,女,支持支持[星星眼],0,
林夕团子,保密,网课[爱心],0,
一白里の梦ぃ,保密,蹲蹲网课[桃源_给花花],0,
小方-Official,男,这个好啊[大哭],0,
君谦莫语,保密,我连生病该吃什么药都不知道，就知道发烧扑热息痛，还有什么布洛芬。咳嗽只会买止咳糖浆，但是不管用啊。止疼药和消炎药还是我拔牙之后问朋友，她给我查的什么药好使[大哭],0,
INB100_kyoonglim,保密,我想学！,0,
凌白摆摆摆摆,女,真的感谢我的老妈，从小教会我照顾自己[大哭][大哭],0,
喵星摸鱼人,保密,啊啊啊，期待[打call],0,
其实也哈哈哈,女,www老师是一个好老师[大哭]关注你,0,
只想赚钱养崽,保密,很需要！,0,
不要动我啊,女,太棒了吧,0,
利莫里亚钓鱼佬,保密,现在普通的大学生真的在社会里跌跌撞撞的活的很艰难,0,
吴逸不在此di,男,老师快开，想看网课[大哭],0,
小游同志,保密,我也想看,0,
柎柎柎,保密,希望有慕课,0,
我要一份酱饼尼,女,老师你开一个B站直播课吧球球了,0,
赞美愚者能中奖吗,保密,老师，我真的很需要这门课,0,
镜微尘,保密,好棒！确实出了社会，发现自己有好多不懂的,0,
从南到北的风铃,保密,蹲网课，对于马上要毕业的大学生来说真的很需要,0,
共由二,男,还有些生活业务的办理也需要啊老师。像什么银行卡，电话卡之类的[大哭],0,
法则型中路,保密,想要网课！！！,0,
一把芹菜花,保密,老师，想上网课！,0,
十分可耐的哼唧,女,老师我也要上网课啊啊啊啊[难过][难过],0,
鱼汤里的泡泡,保密,蹲网课！厨子老师[打call][打call][打call],0,
小兔不吃胡萝北,女,录网课，我要看[给心心][给心心][给心心],0,
阿贝尔不喝酒,男,想要网课！！！,0,
milk-sop,男,狠狠支持,0,
幼柚zcc,保密,天呐！老师你太棒啦！,0,
bili_97604346371,保密,我在b站可以听这门课不？,1,
今天不曜熬夜哦,男,支持！,0,
Gisa喵,女,@谨棋w 大赞,1,
Mr-Bling,保密,支持,0,
locoooooooo00,保密,能不能上慕课，我去看[大哭],0,
一无事成的伟童鞋,保密,就凭你这个视频，关注你了[给心心],0,
一天不听小曦浑身难受,保密,支持老师,0,
绝区零第ㅡ可爱兔宝,保密,很有必要,0,
君归为魇,保密,老师！这门课我真的很需要！虽然也毕业好几年了，但是在社会上还是会吃亏。[委屈]感觉很多大学生应该都很需要的，老师加油！希望能上到这个网课！[打call],0,
天下无敌手也得扶墙走,保密,支持老师，我想看网课[星星眼],0,
冰室优作,保密,"哥哥咱商量一下，课程能录播放视频平台么[doge]
虽然我早就不是学生了，但我上学那会儿要是有这种接地气的课，我肯定选爆[笑哭]",0,
凉凉he凉凉,保密,我也支持，真的很需要,0,
风起落梣,保密,跪求网课,0,
以管理员身份运行,保密,呜呜呜，求网课[星星眼],0,
今夜我不关心人类Lm,男,投币支持！！！,0,
青蛙速度,女,请做成网课，谢谢[星星眼][星星眼][星星眼],0,
藤-丸-立香-,保密,急需网课,0,
B612上玫瑰种子,保密,"在哪获得课件？！
可以在慕课开这门课吗？！",0,
爱吃桃子的彼尔德,保密,[tv_点赞][tv_点赞][tv_点赞]老师真棒啊,0,
-这是一个港口,保密,想看网课呜呜呜呜快毕业了[大哭][大哭][大哭],0,
子拙,保密,快啊，老师太需要了[大哭],0,
芋泥喵喵呜,女,蹲网课！[鼓掌],0,
无知无力无德无才,保密,我们真的需要网课[打call][打call][打call],0,
to_be_or_not,保密,老师你上传这门课吧[大哭][大哭],0,
jeno-jam,女,网课网课[打call],0,
BLUE丶ヾ,保密,求网课[大哭],0,
lxhnp,保密,其实哪里遇见困难，直接网上搜就好了，网上什么都有,0,
MichelleCurio,男,谢谢！,0,
宇宙鸽王_exe未响应,女,啊啊啊老师能不能开校际联盟的课！药科的也想听！！！,0,
朗月繁星0968,女,支持[打call]期待网课上线,0,
承承2024,女,非常实用呀[星星眼],0,
账号已注销,保密,太需要了老师，想看网课[奥比岛_击爪],0,
慕发短白,保密,上MOOC或者超星么？非常想看[星星眼][星星眼][打call][打call],0,
疯-度,男,跪求网课,0,
蒙蝎-Stak,男,献上三连了，真心希望录课上传[打call][打call],0,
你是天上的羊群,保密,期待网课,0,
星系霜尘,保密,求网课[喜欢],0,
是17不是十七-,保密,能不能来上海巡讲[保卫萝卜_哭哭]很需要呜呜,0,
从零开始的学徒,男,非常感谢您为广大大学生做出的奉献[大哭],0,
Shawn晚,保密,期待网课[脱单doge],0,
夜忆梦微凉,保密,老师，因为这个关注你了，你一定要做出来啊[大哭][大哭][大哭],0,
招摇白鹿my,女,谢谢老师[大哭],1,
白米粥十六,女,我需要啊啊啊老师[大哭][大哭][大哭][大哭],0,
午时不起床,男,就因为不知道公积金可以异地转移，我辞职后直接全部提取了，现在那叫一个后悔,0,
Eno_一翎,女,老师我需要录播[大哭],0,
小核酸,男,支持,0,
O小M羽O,男,非常需要啊啊啊啊,0,
楼玦要加油,保密,唉，如果早点开，我也不至于当年走这么多歪路了[大哭],0,
落雪一叶风,保密,真的很需要网课！！！！！！！,0,
琼苏,保密,@茶光 来学习！,0,
十七岁hhh,男,@河南省教育厅 @河南师范大学学研会 @河南师范大学 真的很需要这门课哈，,0,
EuroAnthony,女,老师！录播吧！真的很需要呀,0,
草禾,男,说这应该是家长教的 有没有可能家长也不懂[灵魂出窍],0,
荼丝子,保密,好需要！！、,0,
此人非猫,保密,正在上大一的新生哇的一声哭了[大哭][大哭],0,
徒怜忆,男,不可避免，能早知道最好，不知道多走几年弯路,0,
橙海相伴three,保密,网课[打call][打call][打call][打call],0,
該账号封禁中,保密,支持,0,
墙倾听荷,女,求网课🥺,0,
一小只望仔鸭,女,虽然但是 本人非常需要 求网课啊啊啊啊[大哭],1,
接吻接吻接吻,保密,老师您真好[大哭][大哭][大哭][大哭],0,
倦桃,女,出必看！,0,
一条被几,女,[喜欢],0,
好奇宝堡,保密,cy期待录播,0,
AQA__,保密,[爱心],0,
爆炒香槟,保密,希望老师能开放网课！[大笑],0,
梦家丶狼王,保密,MOOC有吗？,0,
海南椰椰椰子汁,女,码一下，期待录播啊啊啊啊啊啊[抓狂][抓狂][抓狂],1,
阿浮特特,女,真的需要！希望网课也来点！,0,
莫若枫禾徜,保密,真的很需要！您就是我的赛博老师！我蹲[Oime_D小狗_我在这里],0,
未930,保密,大三迷茫中…需要这类生活技能[委屈],0,
诠次,女,晚啦，今年刚毕业，出来啥都不会[大哭][大哭]，要是能早点看到就好了,0,
白寺是只好鼠鼠哦,男,支持，我今年刚毕业，现在纯懵,0,
薄巧麻薯奶盖茶_,女,我的天我可太需要这个课了[大哭][大哭],0,
醋溜白菜菜菜菜,保密,老师，网课，求你了[大哭],0,
诗诗诗诗吧,女,老师你简直是天使[大哭],0,
六六棒棒,男,该有此劫难，该有此锦囊,0,
小静子的奶昔,保密,我就知道，没有白关注你，哈哈哈,1,
君无邪的无邪君,保密,在哪里，我也想看,0,
志南0329,保密,"早该这么干了，确实现在很少很少很少很少，包括大学都没有这方面的课程。
去问问哪个学生一毕业以后进入社会不是一脸的懵逼，不是撞破了脑袋，甚至撞破了南墙。
最后发现噢，原来是这样的一个情况。",1,
冰糖果子-,保密,老师，在哪里看[打call][打call],1,
双生晗,保密,关注了，有网课踢我,0,
烬楠关,男,心动了，老师会传录播吗,0,
墨华绾夜连白玉,女,老师上个网课吧,0,
美少女星星鱼,保密,太需要了 ！,0,
jops_cookie,保密,反手一个关注,0,
八九怎么,保密,老是呜呜呜老师万岁！！！[龙年][龙年],0,
aasea,保密,老师求网课！！！！,0,
寻真环游记,女,支持老师，想看网课,0,
全力以赴拿下此城,男,难绷，这种生活常识都还要人教，生活中是有多衣来伸手饭来张口啊，教这门课才是最大的抽象🤣🤣🤣,0,
ふわふわ一只球030,女,真的非常需要!,0,
大金刚东北虎子嘎嘎嘎,保密,想看网课！！！尤其是医保社保之类的，或者考公考编等等,0,
魏思聪,保密,支持，up主快做出来啊,0,
八重云Official,保密,90年的。也想要学习一下。,0,
希灵帝国审查官-郝仁,男,国外有个爸爸我该怎么做的节目有点类似，可以参考一下,0,
别拿摊饼不当技术,女,太实用了这课,0,
三一的西柚,保密,可以的话多多关注心理健康方面吧，真的太多悲剧发生了,0,
P_T_L,保密,网课，谢谢老师,0,
弄斧,女,大学生的安全意识[笑哭],0,
-一朵彩虹-,女,网课！快上线！[打call][打call],0,
Joker-bb,保密,老师，想看网课[打call],0,
寂静镓德芳,男,青年大学习[抱拳],0,
社恐内向的kpop人,男,要网课，要网课，谢谢老师[大哭],0,
加油刚刚,保密,想蹲蹲老师的课件[大哭][大哭][大哭],0,
浮云浮云浮云浮云云,保密,支持支持,0,
阿龙想要当个宅男,男,太牛了,0,
DrBronya,保密,期待老师的课程！！！[抱拳][抱拳][抱拳],0,
念希词,保密,支持支持,0,
希灵帝国审查官-郝仁,男,怎么炒蛋，生活必须的营养物质，补充蛋白质，补充糖类，补充脂质。这样就不会挨饿了。怎么判断是过敏，食物中毒，如何应对停水，停电,0,
羊咩咩Qr,女,大二的时候去看咪咪的病，然后就以为是妇科，没想到进去了医生和我说是普外科啊，然后医生也很好让我先去做B超，下次拿结果直接去挂普外[笑哭],0,
衔剑睚眦,女,三连关注了，就等着网课了，真的很需要,0,
葡萄味鹌鹑,保密,谢谢老师！！我真的很需要！！！,0,
草莓奶冻泡芙,保密,已经做好了学习的准备，老师，请上课！,0,
67小括号e,保密,cy这次真需要老师,0,
富川一枝花啊Baekhyun,保密,老师，请你开网课，我也想听,0,
脑子一转就出来了,保密,老师，我也想学！！！！[大哭],0,
一笔百转,保密,哇！想听这门网课！[星星眼],0,
sky呵呵哦,保密,这才是真正有用的课[脱单doge],0,
微微晚安ya,女,支持老师[星星眼],0,
来盐焗小星球,女,想看网课！！！！！,0,
角落里的碎碎念,男,录课期期投币,0,
馒头就着馒头吃,保密,我也需要！,0,
murika,保密,怎么没有性教育,0,
拾月蕉阳,女,已经毕业了[大哭],0,
泠浔浔浔浔浔浔,女,老师这是真的需要,0,
妹娇菜腌,女,太需要了 谢谢老师,0,
黎落未晓时,保密,太需要了……,0,
禅源のです,保密,先生大义,0,
卡布_喵小喵,女,老师，出教程！,0,
_面包不好吃,保密,求网课[大哭]真的对很多社会规则一知半解的，平时要是不在网络上刷到视频或者主动搜索真的了解不到[大哭],0,
都要微笑QAQ,保密,天呐！我之前就想过这个办个这个比赛活动，大学生真的太需要了,0,
一只躺魔音,保密,我想在B站上看up的课,0,
拒绝造谣式恋爱,男,这个怎么看呀，真的很需要！,0,
Another吖,保密,好好的老师[大哭][大哭][大哭],0,
你很赞的啦,男,支持支持支持，三连奉上,0,
想吃冰糖葫芦喵,女,我也想听老师讲这个课[抓狂],0,
钟楼滴滴答,保密,想听[保佑],0,
Esc1314520,保密,真好,0,
霜下酱,保密,我梦想的课程终于有了！！,0,
倾悦喵雅,男,老师出个厨房篇吧，真的不熟悉厨房,0,
快点吻我7抽出芙芙版,保密,主播我也想看[打call],0,
-含霜-,女,我想听啊老师,0,
风会听见,女,可太需要了！,0,
yyuanliaung_,女,球球网课[给心心][给心心],0,
夜色龙缘,保密,"这种课才有意义，学完之后用不上，就跟考了驾照之后从来没开过车一样，有车你也不敢开。这种课早就是应该上的了，况且是日后肯定用的到的[捂脸]
甚至当天就能用到[OK]",0,
840888,保密,刚刚去跑了躺步道乐跑现在深有感触[笑哭][笑哭]一个本来干干净净的手机，大学强制要求下了围脖抖x小红薯快脚志愿汇步道乐跑……那广告是真的一个比一个多啊。学校是真的想赚钱[妙啊],1,
胡萝北努力不熬夜宝宝,女,好多人都说了这样的话，但只有老师你真的做了这件事[打call][打call],0,
被吵醒想炸了,女,想要网课[大哭],0,
Cx330mj,保密,@某超级电磁炮 ！！！有用！,0,
白泽炎刃,保密,加课时都行，跪求网课版,0,
时曦8,保密,非常需要这门课！！！up的想法好好，求求出网课吧[大哭][大哭],0,
Zachary苏米儿丨Riser,男,三连了，推推推！,0,
啊对对对对对丷,保密,非常需要！[大哭]刚毕业真的好迷茫[大哭][大哭][大哭],0,
麻吉鱼majiyu,保密,支持老师！！我真的很需要[大哭],0,
杨杨图腾,男,良心的,0,
发电的水母,男,需要网课[时空穿越表情包_吸溜],0,
Lu玖儿,保密,我真的很需要[大哭][大哭][大哭],0,
S-W-A-R,男,刚大一真的很需要，up你是救世主![给心心][给心心][给心心][给心心],0,
古明地地地道,女,三连支持了,0,
林念月-,女,能不能开网课我也要听[大哭],0,
路归远方行,保密,想看[大哭],0,
改了名后能中奖吗,女,啊啊啊啊啊啊非常需要,0,
幽梦影__,男,支持,0,
糖果_Tanguo,女,啊啊啊啊支持！！,0,
我红中从不说谎,保密,支持,0,
羽绝弦,保密,就像老师的一级[星星眼],0,
阿肆_Asnay,女,啊啊啊啊啊啊我想看网课😭,0,
w柳橙汁w,保密,真的很需要。。。五险一金我真的搞不太懂。。。（）,1,
创所有人,保密,老师太伟大了，真正懂学生想学什么！！,0,
码头优质薯条,保密,我到现在连医保是个什么玩意都不知道[大哭],0,
baibai1231233,男,网课！！真的好需要呀！！我是博士生了，但是真的依旧需要！！！[笑哭][笑哭][笑哭],0,
凝蕊蕊,保密,确实，在类内容就要看家里的教育情况了，家长怎么办我就学着怎么办，家长要是不会我也不会，到底对不对好不好我也不知道，没有个标准[笑哭],0,
蔚蓝海岸盛产龙虾,保密,想看网课！！！,0,
流水闲度,男,开课吧，每次三连奉上,0,
柠檬薄荷茶Evie,女,太需要网课了,0,
临l池,保密,支持支持[打call][打call],0,
小猫你可以吃起泡胶,保密,妈呀不知道要多久才出的来，我先插个眼,0,
莱听粒,保密,开在哪啊啊啊啊我想听,0,
-远山浅_,女,求网课呜呜呜呜呜,0,
木雨宇羽籽,女,网课网课，太需要了,0,
意珊,女,冲这个，果断关注,0,
花似梦雨如愁丶,男,务必网课求求了,0,
才不是小懒蛋,保密,woc，你要是这么搞，我就不得不关注了,1,
乔伊ieb,保密,关注了,0,
花椒炒月饼,保密,今年刚刚毕业，太需要了[脱单doge][脱单doge],0,
吃大卡车的花椒酱,保密,[打call][打call],0,
学习的甜宝,保密,课在哪里呀，想听,0,
礼行鹿岚,保密,想要有关医保报销的教程[大哭]这个我是真的搞不懂,1,
M夏纪,保密,虽然但是啊，感觉up提到的那些其实学校是有开相关课的，比如心理健康，以及就业指导之类的，而这种课在大学里面几乎都被学生们视作水课的（反正种种原因吧），虽然现在大家呼声这么高，可能最后效果还是不好，当然up本身的体量并不小，还是很有可能取得好效果的[思考],0,
Hung-Song,保密,我觉得职场这种东西地域性很强，不同省份甚至不同市的方案都是不一样的，就业环境也不一样，这个理应是让就业办老师那边整理了解，然后开课辅导才对。,0,
20Cen,女,@雀不在太卜司 @吾乃10酱爱犬 @学不会李白不改名 我去这个我真需要,0,
德爱悦子翁,男,老师考虑做些这方面的视频吗，这对我们刚毕业的大学生很重要,0,
奇珍怡宝-阿勒,男,特别需要的一门课程,0,
夏夜的银河系,男,那么我们之后在哪里能上到这样的课？,0,
贝尔bearchild,男,录课在哪发请一定告诉我谢谢,0,
星心猫,保密,期待,0,
睡也_,保密,太真实了，我上大学第一天就发现宿舍里的少爷洗衣机都不会用[辣眼睛],0,
汉东反腐先锋祁同伟,保密,可是，我想学的是谈恋爱啊,0,
鹤瘦,保密,支持,0,
方游-yu,女,老师学习通和知到不可以同步开网课吗,0,
Eileen_Ln,保密,啊啊啊啊啊啊老师 蹲网课！[抓狂],0,
__墨辞Moc,男,谢谢老师,0,
迅道,男,点了[胜利],0,
嗒先,女,好人啊！,0,
啦多迷蜜丶,男,这些需要实践的，别人做课也没什么问题，不过有些人什么都要别人跟你教有点离谱了,0,
Qing升,女,这才是教书育人[大哭][大哭],1,
梦溪璇_Moonshadow,女,从现在开始，你就是我的义父[大哭],0,
韵咪可,女,老师我需要！网课！呜呜呜呜,0,
Belle-林北辞,女,这门课真的非常需要！！！！,0,
请您早点睡,保密,做饭的基本逻辑就是少放调料，不要控制不住自己[笑哭],0,
阿执的蛋挞皮,男,社会生活经验还是得自己经历过 踩过坑了才能更好的学习成长起来,0,
鳗鱼粥eel,女,社会经验真的很重要，不想被打得太惨，提前看一下这些做个心理准备是不错的[doge]最后请珍惜已经有的，好好享受当下生活的一分一秒,0,
jinbo666,男,好！做实事！,0,
羊小杨yang_,女,支持老师！！！！[给心心][给心心]真的很需要！！！！老师辛苦啦[脱单doge],0,
泠空sky,保密,老师这真的很重要——[委屈][委屈]非常期待网课——,0,
西米郎,保密,有网课嘛，我真的很需要[大哭][大哭][大哭][大哭][大哭],0,
禾刀汆木只-nasi,保密,开个学习通小组吧,0,
无栘为子,保密,开网课非常需要[打call][打call],0,
mo呜,保密,老师你是真的懂大学生的[打call],0,
潮汐是海的深呼吸,保密,老师我也想听,0,
在养一条鱼鱼鱼,男,支持支持,0,
知许很贤,女,老师求网课[大哭],0,
凌-星阁,男,求求老师放个网课吧,0,
爱喝鸡尾酒的猫头鹰,保密,蹲蹲[保卫萝卜_哇],0,
百合立鹤群,保密,求上慕课[跪了][跪了][跪了],0,
晴天伤感hx,保密,三连了[给心心],0,
甜脆葡萄,保密,求录播课,1,
-橘子圆,保密,关注了，期待[保卫萝卜_哇],0,
暗影--之名,男,真的好，比水课实用,0,
松鼠与鹿0_0,男,我今年刚参加工作，我们倒不是五险一金，是五险二金，包括养老金和住房公积金都是才知道，现在在外面租房子都差点忘了住房公积金也是可以补贴房费的，期待老师的网课，感觉还有好多东西需要虚心学习，才能在这个社会上更好的立足[给心心],0,
竹竹竹秋秋秋,保密,老师！我真的很需要！直到现在还没搞清五险一金和医院流程[呆][呆][呆][呆][呆],0,
方的馒头头,保密,老师可以在慕课上线吗[大哭]求求了这么的很需要呜呜呜呜,0,
笛挽剑歌,女,大一新生表示真的很需要这种课[大哭],0,
阖門归木,保密,非常需要[大哭],0,
你当往白昼尽头,女,老师我求求你录网课吧我什么都会做的[保卫萝卜_哭哭],0,
奇鱼逗腐汤-,保密,上了大学发现自己好多东西不会，一个人在外面上学一步一步学着怎么弄的,0,
景君擒龙,保密,这下真得关注了，之前只看不关注，反正主页会刷，现在真得关注了,0,
阿槐----,女,等你！,0,
归时不见雨,女,呜呜求网课[大哭],0,
竹亦廾,保密,老师我想看[星星眼],0,
素面客卿,保密,务必把生活日常板块发出来，我很需要[笑哭][鸡腿][脱单doge],0,
次娅,女,老师开个网课吧[大哭][大哭],0,
世间不太平,保密,老师，求网课[大哭][大哭][大哭],1,
晏晏kuku学,女,太需要网课辣,1,
白人黑牙齿,男,最喜欢的网课要来了吗？,0,
Miaoooo_q,保密,我们之前srtp做了这个项目，结果老师觉得没有研究价值，没有其他小组做的高大上[大哭][大哭],0,
明月楼上月华君,男,支持！！！,0,
只只strawberry,女,好想看 网课可以吗,0,
全熟蛋统治世界,保密,老师请一定要整个网课！真的太需要了！,0,
疯人院伊号病人,女,关注了，牛马也很需要这门课,0,
京梵,男,感觉可以加如何寻求兴趣，如何主动进步这样的，感觉虽然学了那么多年，但我在大学那么散的时间，那么散的空间，有时真的很懒惰不想学习，也难得规划[口罩],0,
却言明日是花朝,保密,请老师务必出课！真的很需要TT,0,
瑜燕_,女,录一下，传上来呗，明年就要自己生活了，希望能学到一点[大哭],0,
Diane407,女,老师我需要这个网课🥺,0,
-邮差,保密,老师我真的想学,0,
眠花-暗水,保密,求录网课[大哭],0,
主教大人的帽子,保密,这是我第一次如此主动的想学习一门课,0,
Kdx1701,保密,真的非常需要！！[小电视_哭泣],0,
火心星,保密,非常想上这门课啊啊啊啊啊,0,
rua一把摩卡卡,男,老天，我很需要这门课@咕噜噜噜睡大觉Y_Y,0,
C_旻,保密,太棒了吧,0,
不错的雪碧,男,好使的课，我来上课了[大哭],0,
-糖纸哥哥,女,我要网课老师[打call][打call][打call][大哭][大哭][大哭],0,
sumseamer,保密,好需要[大哭],0,
墨长璃,保密,支持,0,
世界的一隅DT,男,爱了,0,
fxhhkkk,保密,非常需要如果我大一知道[大哭][大哭][大哭],0,
露有一只小兔子,保密,老师我这就关注！,0,
幸运的干脆面,女,！！！电灯维修，五险一金的基础知识也很需要,0,
癸見,保密,缴纳水电费 简单家具安装和修理 家中实用工具以及如何购买靠谱的 什么的,0,
SwieteniaR,保密,好！好课多来,0,
鱼儿最聪明,保密,能不能出一下 最基本的人情世故类，本社恐很需要,0,
蔷薇和光,保密,我也想看，怎么办[打call],0,
tyyyiop,男,直接关注了[脱单doge],0,
高中男生非男高中生,保密,跪求网课啊啊啊啊啊啊,0,
永远温暖的安小彤,保密,支持,0,
炫彩霸王龙七号机,保密,[点赞][点赞][点赞]很需要，谢谢您,0,
子染--,保密,啊啊啊，期待网课,0,
说不说都离谱感觉,保密,我也想上[大哭],0,
君玉君墨,保密,可以求个录课吗,0,
爱吃芹菜的中药羊,女,我也想看,0,
面条四块钱,保密,没看视频，标题先赞一个[OK],0,
泥垢了5321,男,想看网课,0,
叶繁灼珖,男,可以录一下发b战吗老师，孩子挺需要的[大哭],0,
嫖白阴阳师,保密,支持,0,
处梦_诺,保密,加油,0,
听到风吹动书页,保密,做饭和挑选瓜果[脱单doge]厨子老师到你专业了，真的不是现学的吗,0,
鹿鹿鹿鹿小鹿仙,女,老师，想看网课，b站就能看qaq,0,
我是小孩1234556,男,大学毕业3年了，到现在还在去适应社会的生活常识，这门课真的很需要,0,
怀瑜卧竹,保密,真的是非常需要，每次要强的我都是要花好长时间去了解步骤才敢出门[黑眼圈_金箍],0,
花园多惠哟,保密,想学！！,0,
诗疚,保密,求老师开个网课[大哭],0,
乙醇加强计划,女,好贴心！,0,
潔潔洁衣ヾ,女,非常需要！！！[tv_难过],0,
不想取名字哎,保密,开个慕课[委屈],0,
small路,保密,开个网课吧，老师,0,
饮早茶先啦,保密,能不能开个网课啊啊啊啊,0,
慕容萧雪,女,什么？那我关注一下，蹲个网课[脸红][脸红],1,
迷恋柠檬,女,能开个慕课或者甩个学习通直播码吗[妙啊],1,
小王不想洗头哇,女,在哪里看啊啊啊啊啊,0,
九月雾大,保密,已经入社会3年了 感觉还是需要,0,
迷鸽,保密,最想看的网课,0,
只鱼O_o,保密,泪目,0,
双鶴鳴,保密,急需网课[大哭][大哭][大哭]低烧后不能洗澡这种我舍友知道的事而我哈都不知道[大哭][大哭][大哭],0,
落泱泱今天也爱帮粿呆,女,老师，隔壁学校可以选吗，我马上回学校了🥺,0,
咆哮的猪头三,保密,我觉得这是家长的责任[捂脸] 我是城市独生子女，从来没住校，上大学的时候无缝衔接，自理没问题。我对自己的孩子也是自然而然言传身教，结果出去吃饭玩的时候碰到各种大学生假期工，有不知道发票是什么的，有不知道怎么端烫的食物的，我家小学生都很震惊,0,
-Oceanus-,保密,一键三连[OK],0,
小胜利胜,保密,支持老师，求求了，我想听,0,
姗珊删杉,女,我觉得说，这些生活常识只有实际需要的时候和体验过一遍才能更好的掌握，不然讲了一遍可能当个段子或跟书本内容一样一遍就过了，只留存下一个模糊的影响，当然，有个映像也好。但我觉得大学生更需要一个放松自我敢于询问学习和尝试的心态，很多离家远胆子小觉得未知的东西或别人都知道自己不知道会不会很奇怪 就不敢去问，发现错了就退缩觉得是自己的问题，这种自我否定的心态才是最需要学习改正的。有些东西不懂不是你的问题，敢于去问去查去学习才是能解决问题的关键。,0,
o御主o,男,老师，作为研究生也很需要啊，求求了，现在都不知道劳动法五险一金等等,0,
柑橘味气泡水儿,女,老师！求你发网课,0,
夜樱雪梅,女,@修菇ovo,0,
Qiubai-_-,保密,感谢你让我完成了心愿,0,
HeyHey________,保密,老师我也想看！,0,
wolovecyl,男,要网课！求求啦老师,0,
朝秦彻胸肌捏一把,女,老师开个慕课吧求你了,0,
若没蓝,保密,好哇好哇好哇！！！[大笑][大笑][大笑],0,
Greenwing18,保密,30岁超龄女大生也需要，求网课,0,
猫与女枪手,保密,很需要！！！！！,0,
吃米喝粥,女,想看想看老师快点录成视频播放一下,0,
是树枝啊,女,我也需要，虽然快毕业了,0,
镜子17,男,在哪开课呢，我毕业好多年了，我也想听[打call],0,
SSS_Sail,男,确实，从小不愁吃穿，满黑板的公式和文字，知道发烧了吃药，成绩差了恶补，唯独没有人教我友谊破裂，家庭不和睦，感情受挫，亲人离世，宠物生病，遇到创伤，被欺凌，抑郁焦虑，孤独，寂寞，压力大时该怎么办。,1,
还记得小可怜吗,保密,如果出，我每个视频都看，真的太重要了,0,
椒椒椒椒椒_,保密,是的我很需要！！,0,
VYY依,保密,太太太棒啦[给心心],0,
sxm0729,保密,啊啊啊啊啊啊啊啊谢谢老师🙏🙏我真的特别需要,0,
乐乐要上进,保密,支持！！！,0,
呢喃旧语,保密,这种课程真的很有必要，刚出社会啥都不懂，也还没有从学生身份转变过来，跌跌撞撞的，好多事情我都是已经要面对了，才上网搜怎么办，还好工作遇到的同事都很好，教了我很好，但是还是吃了不少亏。毕业一年了也还是懵懵懂懂，摸索着前行。,0,
EuroLeign,保密,自己都不了解不补充了 两个币投资一下[妙啊],0,
琬然Nancy,女,真的很需要！从南广出来之后就觉得自己一无是处，现在只能灰溜溜去读研，但对于自己未来到底何去何从依旧很迷茫， 自己该如何在这个社会上存活，应当做些什么也一头雾水（毕业两年有工作过 ，但是啥也不懂，老板不签合同、不交社保，到后来被网友科普才知道自己被老板坑了多少，然后好不容易辞职出来读研了,0,
世界和平--承蒙关照,保密,真的需要这门课！今天是第一次自己去医院看病，也不会用医保，自己慢慢琢磨，虽然会了但是好费时间呜呜呜,0,
一_向日葵,男,有用且三连,0,
秸梦秸,保密,老师老师录课录课！！很需要！！,0,
冰片龙井,保密,支持！很多人都需要这样一堂课[打call][打call][打call],0,
是狐萝卜鸭,男,这才是真正的青年大学习啊[大哭],0,
一萌千朝,男,我也想看！,0,
林间鼓寺,保密,毕业的学生也需要[tv_大哭],0,
团子沐,女,好棒,0,
某洛94ml_,保密,我上个星期陪我同学去医院看流感，我俩基本全程都是问下来的[笑哭],0,
枫韵紫涵_,保密,太期待了,0,
沈青冰,女,强烈支持！,0,
待秋随,保密,可以录播嘛,0,
蛮蛮河河,保密,支持支持,0,
矿泉水帽,保密,老师你真好～宣o(^▽^)o,0,
007影子鱼,保密,人在南京其他学校，能进老师学校听吗[大哭],0,
薯片最爱吃原味,保密,老师想看[大哭],0,
潇潇雨w歇,女,支持,0,
五点钟去天光墟,保密,太需要了 刚毕业一年上班了还住在家里 明年打算搬出去感觉会很手足无措,0,
Dear梦兰,保密,非常需要！！！今年大一新生，好多东西都没搞懂。一直在被老师家长说作为成年人要为自己负责，但根本不知道怎么负责[妙啊],0,
敬鸢_,女,老师开个网课吧，这对我真的很重要,0,
雾里崟月,女,好主意，支持厨子老师[打call][打call][打call],0,
小Lright,保密,三连了，求求开网课或者录播！！！[大哭][大哭][脱单doge][脱单doge][跪了][跪了],0,
快乐夏小瓜,女,求网课[打call],0,
zwkssr,保密,能不能发到b站来[打call],0,
70200991,女,网课网课！！！！！！想看！！！！！！！,0,
桐锅炒白糖,保密,想看网课！我要当课代表！,0,
白夜之賊,女,网课啊老师!,0,
烟花没了才跑去看,保密,支持支持支持支持支持[大哭],0,
小王子同学丫,保密,非常需要已经毕业一年了还是什么都不懂上周刚炸四瓶可乐[大哭],0,
吃箱子的人,保密,支持,0,
Hiyori_ver,女,求录播,0,
HisenIY,男,支持，太支持辣[打call],0,
木柒雨,女,网课网课[星星眼][星星眼][星星眼],0,
雪橙jun,保密,老师 请录[大哭]很需要[大哭],0,
帅帅帅阿狼,保密,老师 我也想上课！,0,
皠羽,保密,期待[黑眼圈_金箍],0,
-鲨鲨鲨鱼干-,女,需要[原神_哇][原神_哇],0,
氢氧化砷,女,谢谢老师。感觉您真的是一个非常优秀用心的老师！,0,
你嗦你想咋滴捏,保密,请问在哪里听网课？我带着我上小学的闺女一起听。,0,
琴溪_,女,老师你开个慕课吧orz我也很想学,0,
无泪yuki,保密,我很需要这个，求老师开个网课吧[大哭],0,
温柔的多瑙河,男,非常好啊，请求直接录成网课，我会点赞投币的,0,
小糖喵ouo,女,日常业务办理真的很需要[保卫萝卜_哭哭]在大学的时候弄银行卡社保卡真的走了很多弯路现在都还有很多不明白的,0,
萧萧悠沐,保密,求网课，,0,
劉曄,男,即将毕业的大四生，非常需要，现在只感觉对之后生活十分害怕[大哭][大哭],0,
微雨又晴,男,蹲个网课，真的很想听,0,
可爱の小芙芙,女,厨子老师求出网课[小电视_笑],0,
旧忆伤心,男,蹲一个视频网课,0,
长尾景喵Jinnya,男,支持，舍友考上研了，刚到地连着他的两个同学先被租房中介坑了几千[妙啊],0,
会忽然大笑,保密,智慧树可以吗哈哈哈哈,0,
沙土牌小瓜子,女,需要[打call],0,
嘿恰仙哦,保密,必须支持！,0,
正如一世安,保密,老师，开个网课吧[大哭],0,
KIM湛,男,高校老师真水呀。,0,
白菜有点圆,女,网课[保卫萝卜_哭哭]求求,0,
宅種啊啊啊,男,老师，开个网课吧[大哭],0,
黄金复合弓hkg,保密,还没更新吧，到时候出个专区,0,
ART灬魁,女,老师，我周围好多朋友都陆续找工作了，但是大家都不太清楚实习生的好多东西，今天有个朋友问我实习生要不要签合同可以看出大家真的很不清楚求职这方面的东西，希望老师可以讲讲[保卫萝卜_哇],0,
Kve猫小步,男,清澈且愚蠢的大学生很大程度上就是因为缺少了社会生活常识，厨子老师这课开得好啊！[星星眼],0,
夜砂星辰,保密,球网课，真的很需要˃̣̣̥⌓˂̣̣̥,0,
解放加沙,女,未曾谋面，已承师恩,0,
sl_そら,女,求网课,0,
庭星北岛,女,蹲个网课 真的有点需要,0,
图图不糊涂_DST,男,支持老师，想上网课[呲牙][呲牙][呲牙],0,
是伊莹,保密,我很需要这个[大哭],0,
摸鱼按F,保密,求网课老师[大哭]很需要,0,
-月亮的玫瑰-,女,开个学习通吧( ◢д◣),0,
琛jhs,保密,老师，直接直播上课吧，想听,0,
冰婧岚兰,保密,支持！,0,
颠沛流离失,保密,太需要了！,0,
桃桃甜茶茶,女,真的需要。,0,
眉目成舟_风月,女,求求求求网课呜呜呜呜呜呜呜呜呜呜,0,
枫凌野,女,蹲蹲课程，请好心人踢踢我[大哭],0,
吧啦比伯吭哧熊,保密,老师我也想上[星星眼][星星眼],0,
西门唠嗑,男,他温我哭[大哭],0,
西德cedar,保密,老师好好[大哭][大哭][大哭]录网课发出来的话我真的一节不落的听呜呜呜,1,
想吃冰激凌___,保密,真的需要这个,0,
落日燏轩,保密,网课[星星眼],0,
洛losdy,保密,等网课！！！,0,
我看不到555,保密,妈呀这个真的很好唉[大笑],0,
头发到处掉,女,哇靠我前两周还想着像这种公选课应该有这种类型的课才对[笑哭],0,
昨夜圆车忠实玩家,男,"我hin需要这门课！！！
[大哭]",0,
东皋野人,女,支持，蹲网课[打call][打call][打call],0,
七日观世,保密,老师真的好好哦[委屈],0,
Stefan-墨涵,保密,支持老师，老师啥时候直播啊,0,
星落慕華尘,保密,我现在就想听,0,
空明兮溯流光-,保密,想看想看！老师快更[星星眼],0,
晚安呐我朋友,保密,支持,0,
deswq,女,蹲网课[星星眼],0,
新的昵称6个币,男,我也在等,0,
皮卡丘不想长高啦,保密,太好了哇哇呜呜呜呜,0,
清月sky,男,简直是超人,0,
国国的小腿,保密,可以向宋浩老师一样，放一个摄像机，在后面录一下老师上课的内容发到阿b吗[打call][打call][打call],1,
非常规人生,保密,我也很需要[大哭][大哭][大哭][大哭],0,
吾愿与施同行,女,妈呀要是我们学校真有这些课就好了[大哭],0,
已未来,保密,在投简历，真的很迷茫。。。,0,
烛兮想要中咕咕的奖,女,求录播,0,
浮世绘清颜,保密,好，我要看网课[doge][打call],0,
-若见-,女,第一[星星眼],0,
iP-_-,保密,支持,0,
呈影ing,女,老师开个慕课吧🥺,0,
游远星,男,善！,0,
Shari的斯莱特林,保密,求老师开网课吧，付费都可以啊！,0,
羽村铃墨jwj,女,可以考虑开一下有关社畜的[OK],0,
三月独自流浪,保密,一定要开，我真的很需要[大哭],0,
爆豆三丝儿,保密,@小昱驾到_ 这个好~,0,
星阑sama,保密,确实很需要，出了社会啥也不懂[大哭],0,
Mia的universe,保密,厨子老师 网课网课,1,
网友小茵z,女,支持[打call][打call],0,
bili_89043832328,保密,深深共情了老师，宝藏老师，老师要一直更下去啊🙏🏻,0,
゚云间客,男,很需要,0,
破破应用,女,我真的很需要这个网课[大哭][大哭][大哭],1,
滴咚山杳,女,老师有网课吗[查理苏_真香][查理苏_真香],1,
hrjrsjsk,保密,老师可以搞录播吗！[大哭],0,
冥夜tian,保密,太需要了！,0,
タトバちゃん,保密,我都工作四年了还是很需要[笑哭],0,
何飞飞飞飞飞飞飞飞,女,非常支持[脱单doge],0,
昂藏丶,男,大四了，真的很需要[保佑][保佑],1,
爱吃小猫咪的颜野,男,关注了关注了,0,
被困南滨路,保密,关注一下 期待分享[星星眼],0,
十一十三十七七,保密,非常需要啊啊啊啊,1,
CookieRrrrabbit,女,已经从学校毕业一年了；；进入社会太迷茫了,1,
墨影虚无,男,这不点赞，真的说不过去了,0,
阿碱是酸酸本命,保密,蹲蹲网课！[大哭][大哭][大哭],0,
-不知道叫什么-QAQ,保密,至今不知道五险一金是什么[笑哭],0,
皇室女孩,女,U1S1不遇到具体事情，你真以为大学生会认真学。根本原因还是学校和社会的割裂,0,学不学是学生的事，教不教是老师的事，对一位同学有帮助让一位同学少吃一次亏少走一段弯路那也很有意义，如果能引起更多高校的重视那更有意义[爱心]
CA_Jessie曦,女,老师你能不能开个慕课[黑眼圈_金箍],1,
与主共赏故乡银月,保密,之前突然生病去看医生完全不知道怎么买药挂号，稀里糊涂吃完药知道能报销但是更懵了，挂号还有医生可以问，报销没人教，发炎画了好几百[大哭],1,
jjjustin6v6,女,上慕课！,0,
凑斗光hikaru,女,非常需要,0,
瞝祱禇䁼䘰,男,必须支持啊,0,
FRHTPL,女,开个慕课学习通吧老师[大笑],0,
Jannet敏,女,网课！！,0,
热爱语言的意大利面,保密,先马住，要是老是更新了请叫我🥺,0,
ming_zi_123,保密,啊啊啊啊啊啊真的需要,0,
花祤,保密,天哪，这才是大学该学的东西[大哭]，学校收着巨额学费照着课本念理论的课我受够了！,0,
bili_96296430119,男,顶🆙,0,
_贾利鹏,男,傅老师，我特别想知道这些内容的课时，挂号傅老师打算讲几课时？,0,
弯豆G,男,智齿！[给心心][给心心][给心心],1,
四月沙泉,保密,太需要了，太需要了！！！,0,
White_Xsky,保密,[吃瓜]最实用的一集,0,
这里是华华子哦,保密,有没有网课呀[大哭],0,
面包祭典,保密,哪个教室哪天啊老师，想蹭[奋斗],0,
c想的昵称都被注册了,保密,老师传到b站可以吗？我很需要,0,
思思爱吃番薯叶,保密,老师我真的太需要了[大哭][大哭][大哭][大哭][大哭][大哭],0,
青丘小音,男,日本小学课[笑哭][笑哭],0,
人活着总得当谁的狗吧,女,我真的真的很需要生活常识[坎公骑冠剑_无语]别的不说，我是真不知道生病该吃什么药,1,
何小姐点亮一瞬,保密,虽然我毕业了 但是我急需啊！,1,
哥子涂,保密,非常需要，求求了，麻烦录成网课吧。还有电脑扫盲[大哭][大哭][大哭]，真的需要[大哭][大哭][大哭]。求求老师赶紧出吧。我没有任何常识[大哭],0,
SeredDa,保密,我真的超级需要！！！,0,
the_loser_Arina,保密,需要网课..虽然我连大学生都不是[超天酱表情包_痴呆],0,
bili_48020070728,保密,老师有心了[OK][OK],0,
涣c,保密,厨子老师能不能开网课我也想看[大哭][大哭][大哭],0,
君子慎独一,保密,等老师上课！,0,
梁小慕唱咩啊,男,再来一个避雷导师呗[doge_金箍],1,
一口吃饭奶黄包,女,真的需要[大哭],1,
进击的慢羊羊,保密,老师，请上录屏！,0,
牢羊梅子煲,保密,想看网课老师[大哭][大哭][大哭][大哭][大哭],1,
请勇敢点别怂别社恐,保密,可以有网课吗？,0,
aglassof砂糖,保密,非常需要[大哭],0,
正义的小伙汁,保密,我很需要一份,0,
SouI相惜,女,老师能讲一下医保吗！真的不太清楚…,0,
机构濒临,保密,期待,0,
小岭bb哟,女,啊啊啊啊啊啊啊啊啊啊厨子老师你是我的神！！,0,
想吃好吃的烧烤,保密,我已经毕业了[大哭],0,
小凯文鸭,男,非常需要,0,
请别念我的名字-,保密,求直播,0,
Redemption-Dance,保密,非常需要,0,
报琼琚,保密,有录制课记得踢我,1,
123456wj681,男,蹲一波课程,0,
竹溪边,保密,求开网课啊啊啊[大哭][大哭][大哭],0,
゚理想国,女,需要，需要，十分需要！本大学生表示出门真的两眼一黑不知道该怎么做,0,
雕章镂句,保密,老师，这门课很需要在b站上架啊啊啊,1,
今天也是想休息的一天,女,想看！,0,
鴨仔_,保密,支持,0,
TSUGUMI_十契,女,社畜很需要[发疯小黄豆_打工人],0,
南征北战-不服就干,保密,求网课老师[给心心],0,
瑞瑞咕,保密,想看想看！,0,
Falco4043,保密,老师你是一个棒棒的老师[给心心][给心心][给心心],0,
冰糖山药蛋er,保密,2币奉上跪求网课[大哭],0,
吃奶茶泡饭,保密,办手续去政务中心，结果误入警察局了[尴尬]，我真的需要这个课程[尴尬],0,
ppppllllyyy,保密,非常需要,0,
笑了喔,保密,我也要[大哭][大哭][大哭],0,
那朵花丿,保密,支持,0,
彩泥湫,保密,太需要了,0,
Merutaruタルメル,保密,需要网课呜呜呜呜呜呜,0,
静苡罄,女,老师可以开慕课吗[大哭],0,
yoseann,保密,天呐，确实,0,
江火似流萤゙,男,老师，我要[喜欢][喜欢][喜欢],0,
不完整爱意_,保密,老师！！我是你失散多年的亲亲学生啊啊啊啊啊啊[保卫萝卜_哭哭][保卫萝卜_哭哭][保卫萝卜_哭哭][保卫萝卜_哭哭][保卫萝卜_哭哭][保卫萝卜_哭哭][保卫萝卜_哭哭],1,
那年1883,男,@迂磨二公子 哇塞，真有哩,0,
诶嘿系大锅,保密,课出了戳我,0,
靺夏,女,真的很需要！！！！！！！！[大哭][大哭][大哭][大哭][大哭],0,
阿糖owo,女,我是真的想知道啊啊啊[Cat2_Astromeawt!],0,
哈哈表示很欢愉,保密,"你说的很对，但我是职高。
所以我非常乐意和你在大学一起讨论独自的社会生活。
等我哦。[doge]",0,
Ha_ton,女,网课啊网课[大哭][给心心],0,
潮牌味的咖啡,男,我可太需要了,0,
于盛夏热吻_,保密,看我马上反手就是关注！爱死你了[抠鼻][脱单doge][脱单doge][脱单doge],0,
浪味13宇宙,女,老师在哪里可以看[害羞],0,
Eguchi-XD,保密,太好了我也要上,0,
天光澄寂,保密,救命 ，，我真的很需要上这个课[脱单doge][大哭],0,
樱花忆殇璃,保密,老师开网课吧！录屏也行！,0,
不是独自寻找未来,女,太需要了,0,
兰陵的双花,保密,拜托了！我真的很需要！网课快点出来吧[委屈][委屈],1,
神-奇--海-螺,保密,真的是家庭不一样差距不一样。我小学就会的生活技能，我到了大学发现很多同学就不会。因为小时候父母忙着工作，被迫很早就要生活自理[笑哭][笑哭][笑哭]而我的很多同学从小都是衣来伸手饭来张口的,0,
自由活着,保密,想看网课[给心心][给心心][给心心][给心心][给心心],1,
兮兮兮懒,保密,蹲一个[兔年][兔年][兔年],0,
暗黑喵七七,女,老师，有网课吗？[保卫萝卜_哇][保卫萝卜_哇][保卫萝卜_哇],0,
古鱼非也,保密,网课！老师你最帅[酸了][酸了],0,
早餐吃花卷-,女,老师我也要[大哭],0,
一只鼠标标,女,想要！,0,
红雨qwq,保密,我真的需要网课我不开玩笑[大哭],0,
哈哈哈哈哈哈2134545,保密,我也需要,0,
余江浸月,女,老师我是你永远的狗呜呜呜呜,0,
319799,保密,哇靠，包给你三连的,0,
豆点阿万,保密,为什么我没遇上这么个老师,0,
挑剔食客,男,希望有机会能和厨子老师结婚,1,
bili_88324494834,保密,[微笑],0,
Crispy_莎莎,女,老师，还有兼职安全事项，我们班就很多兼职被骗钱的[黑眼圈_金箍],0,
YXX_______,保密,支持！！！,0,
汪汪汪orzzz,保密,在哪里能看啊,0,
浮生梦清悠-,女,这个很重要,0,
海棠清寂,女,想要网课,0,
缘_v_,男,这才是该开的课呀，现在学校的公选课纯纯是为了混学分的，感觉是真的一点用没有[微笑][微笑],0,
一片蓝冰,保密,啊啊啊啊啊可以录屏吗真的很需要[大哭][大哭][大哭],1,
玄祭空-,男,蹲蹲！,0,
尘墨蜂,保密,老师，我给你投币，我上网课好嘛[脱单doge][脱单doge],0,
不懂年下1的永别了,保密,开一下慕课呗老师,0,
易碎半,女,厨子老师您真是菩萨，没有你，我真怕自己死出租屋里,0,
要不还得是我呢,保密,开个慕课吧,0,
苍蓝恒星,男,什么是教育创新！[doge],0,
筱叶不是耶,女,蹲蹲蹲！,0,
吃好睡香学习好,保密,我就是啥也不会，服了[大哭],0,
Magiccccca,保密,想听各种医保社保规则之类的[藏狐],0,
爱杰宝的拖延,保密,我需要网课啊啊啊,0,
晨嘉曦明,男,老师开网课！,0,
你好我叫阿哈,男,生活技能课程,1,
白鹿castaly,保密,非常需要！！！！！！！,0,
百日灣,女,求网课上架😭😭😭,0,
-_-狛枝凪斗-_-,男,我要看！！！,0,
摘一个tt,保密,想要网课,0,
狗花ovo,保密,以前的我不屑一顾 现在的我逐字分析,0,
Cat_in_Black,保密,蹲一个网课[委屈][委屈],0,
哈希莫辉,保密,目测火[黑眼圈_金箍],0,
拾肆拾叁拾贰拾壹,保密,老师想要网课求求,0,
不落依米_小号,保密,这个赞必须得给你,0,
猫猫废料,女,非常需要！！！！！！！,0,
粘人面包358,保密,谢谢,0,
今晚为伊塔守夜,女,想上[星星眼],0,
由比滨结衣ちゃん,男,我嘞个豆，连安装Steam都有[doge],1,
时六酱,男,三连了,0,
楊肆,保密,求慕课,0,
箭雨来袭,保密,开优慕课吧老师,0,
刀我别用寿命论,保密,老师为什么不能是我的老师[保卫萝卜_哭哭],0,
崽崽羊名立万,男,建议上传B站或慕课,0,
哇酷酱,保密,有网课吗,0,
啊啊啊啊阿刁,女,我很需要,0,
榕轶,女,请上网课！！,0,
罗慕七,女,想听谈恋爱结婚生娃注意事项[呲牙],0,
Tiouo,男,[支持][支持][支持][支持][支持][支持][支持],0,
Bernice_M,女,等~,0,
令人头大的头头子,保密,想要网课,0,
花体打不出,保密,求求了，有网课踢我[脱单doge],0,
jfhdkhjf,保密,想要，没学过的我是真的不会[大哭],0,
冷啊冷啊冷,男,同求慕课,0,
木鸣66,保密,虽然但是，生活常识家长不交的吗？什么都要靠学校呢是吧[笑哭],0,
__boundless,保密,记得录录播,0,
渴心一直在,男,这个才是我想上的网课,0,
落木萧萧XL,保密,[给心心][给心心][给心心]请投喂我网课,0,
过去即历史,保密,说实话，我好像并不会洗澡，具体来说是搓灰啥的,1,
-柒叶-,保密,从哪看哇,0,
山茶花Echo,保密,毕业多年有的也需要[捂脸],0,
肖申克的螺旋丸,男,提前交学费了[doge_金箍],0,
找不到支点的阿基米德,保密,有用的，智齿！,0,
Jian-亓,女,网课[大哭][大哭],1,
无烜,男,很需要,0,
深深浅浅～～,保密,快发出来我要看，虽然我已经工作了，但是我现在感觉我啥也不懂,0,
牵猫散步的鱼JW-D,女,开网课[保卫萝卜_哭哭][保卫萝卜_哭哭][保卫萝卜_哭哭],0,
橘子面面,男,网课！！！！,0,
天天都在追墙头,保密,老师教教砍价吧，我买东西老被坑[大哭],0,
休闲的朱,男,正经起来还蛮帅的[doge],1,
晓羽Neko,男,求老师分享网课[可爱小黄豆_哭了],0,
南有林鸲,保密,老师开个网课吧太需要了[大哭][大哭][大哭],0,
湖底南波万要少喝白茶,女,网课端上来啊啊啊啊啊,0,
12轻轻轻轻,保密,需要处理人际关系[脸红],0,
Aluid,保密,有网课踢我,0,
balaba-叭叭,女,老师你能来北交上课吗[委屈][委屈],0,
chaochaoaoao,女,老师，开网课吗,0,
请输入1988B,保密,完整的课程在哪里看呢,0,
量子_纠缠,保密,321上学习通,0,
雷区取水,保密,人际交往指南or待人接物指南[吃瓜],0,
钟磬击缶响叮当,保密,小学的这种课也被语文数学老师拿去上自己的课，然后说是因为我们不听话，然后有微词她就说你们以为我想上课啊？几乎每个老师都这么说。我只记得唯一一次上这个课还是大发善心的刚换的数学老师教的炒猪前腿肉，后来他也拿去上数学课了。。。,0,
柠檬加糖白兔杯,女,提名内容 家里水电气网的办理与维修,0,
红茶Outro,保密,有网课踢我！！！！！！,0,
爷现在很烦,保密,老师。。你简直是当代菩萨啊,0,
-泡音乐的卤蛋-,保密,我要看！,0,
鱼儿小心,女,啊啊啊啊我需要,0,
你撇下半边风月,女,还好我是南传的,0,
萧映,保密,网课！,0,
七休牢日,保密,[doge_金箍],0,
叱咤威海爱莉乔,保密,血书开到山大[doge_金箍],0,
首先我是一片叶子,保密,老师能不能开网课,0,
十九邪,保密,老师搞成网课吧求求了[酸了][酸了],0,
三次方樱,女,网课[大哭][大哭][大哭],0,
C1ANNAD,保密,想上网课,0,
为什么要奖励Ta,保密,我需要[大哭],0,
小馋猫恩,保密,网课网课[大哭]，社保知识一点不了解,0,
我在看哪儿,保密,蹲！！我想上课,0,
苏寒石,保密,说实话，有些社会知识是不方便公共讲的，只能是事教人一教都会,0,
咖咖啡噻,保密,网课！！！！[大哭][大哭],0,
雾霾白面包,保密,开课!,0,
睡局局长,保密,务必！,0,
资深打铁小叶,男,哥，还有办电话卡，保险怎么买,0,
啊啊啊想你想你,保密,我也想上宝贝,0,
次羽瑄,保密,真的很想知道医保到底该怎么用,0,
鲜虾脆饼,保密,太好了，又是一门可以白拿学分的课,0,
早柚球球,女,想看网课老师,0,
恍间梦的马鹿,保密,插眼,0,
晶玄仙,保密,老师开个网课吧[脱单doge],0,
扉鱼非鱼,保密,退一步讲，难道只有大学生需要吗，已经毕业的大学生也需要呀,1,
那就去吧孩子,保密,可以上大学生慕课吗，我想看[脱单doge][脱单doge][脱单doge],1,
陈南辉focus,男,阿弥陀佛,0,
w德伊,女,没错！很多生活上的常识什么都不知道！家长不是不告诉，而是也是觉得你们应该知道或者解释不清楚，,0,
柳柳喑,保密,蹲，开课踢我[星星眼],0,
a_Fj,男,会有模拟婚事和模拟丧事，其中的个个角色扮演吗,1,
顾咕咕咕吖,保密,刚需！！,0,
小兔子乖乖pi,保密,老师我需要网课,0,
就怕你又没备课,女,开个慕课,0,
我是彼岸呐,女,如何挑西瓜必须安排上。,0,
轶弋亦翊,女,开直播上求求了,0,
眉上刘海嗨嗨嗨嗨,女,我都是从小红书、b站学的[再见],0,
草莓理论家,女,我真的很需要知道怎么用医保[大哭],1,
是利歪的狗呀,保密,开慕课也行啊,0,
等等-别被骗了,保密,等你[脸红][脸红][脸红][给心心],0,
奋斗中的嬛嬛,女,求求开网课传B站,0,
喜欢头头妃,保密,网课！,0,
鲸小落落落落落落,女,首页刷到了，先一键三连+关注交个学费[脱单doge],0,
蓝色的卷笔刀,保密,老师慕课慕课,0,
蒲草叫浦早,女,！！！！我真的很需要！！！！,0,
卷卷呀卷年,女,@Yolo飞鸟,0,
月影独觞,女,想看想看,0,
死神死了hh,保密,雀食，死读书读傻了都[笑哭],0,
eeeeesri,保密,我还以为是教大学生怎么开门。。。,0,
Noctilucal,保密,网课网课网课[星星眼][星星眼][星星眼][星星眼],0,
从天而降的羊杨,保密,开网课！！！！,0,
何裂变非核裂变,保密,普及本该知道却不知道的常识，会抢爆的吧,0,
jderwho,保密,逆天,0,
晾月亮的light,保密,狠狠开[猴哥],0,
幺玖柒肆,保密,老师开网课呗，球球了[抓狂],1,
枯芷葳蕤,女,中国大学MOOC有吗[大哭],0,
三里屯大白菜,女,蹲蹲,0,
蛇猫狗狗,女,老师想看,0,
我的劫会R闪i,保密,能不能照顾一下B站的其他学生[委屈],0,
llwwllwwllwwll,保密,[大哭][大哭][大哭]我需要,0,
老是撞昵称的铃铛子,女,老师你考虑开网课吗，我需要[酸了],0,
王嘉兴鲤鱼屠宰场,保密,我需要！！！,0,
金鱼catice,女,二十的在校大学生，压根没有一点生活经验[笑哭]导致除了基本的照顾自己之外就像个原始人，什么都不懂,0,
呜呜十分抱歉,保密,真的非常非常非常非常非常非常需要，基本全是盲区,0,
桀耿不是桔梗,保密,《等你到那个年纪自己就知道啦》,0,
如梦泡影111,保密,我去，我需要,0,
我随风之影,男,三连插眼[脱单doge],0,
永不羡仙,男,大学生表示水课秒了[OK],1,
奇境国王,保密,说句不好听的：生命自会找到出路[doge]（不喜勿喷，你是对的）,0,
琉盈久久,女,蹲，有没有友友踢踢我,0,
瑟瑟发抖的夜仔,保密,[原神_吃惊],0,
SUL羽,女,厨子老师你一定要开网课啊[大哭][大哭][大哭],1,
闲来无事的小张,保密,蹲蹲，需要,0,
wwwaoawww,保密,在哪看？,1,
肝帝不会非,保密,卧槽这个很重要啊,0,
我在家喝小叮噹,女,蹲蹲,0,
别怕别怕我诅咒ta,保密,非常需要网卡,0,
灿灿灿的champion,女,蹲蹲,0,
赛高-lolm南冬子,保密,网课！,0,
霖夜阁,女,家里边从小学就说离开学校社会多么可怕，完事不说怎么解决[笑哭],0,
拙劣根,女,好像学,0,
LockEverything,男,租房指南，未知事情处理指南，车祸处理指南，死亡指南，围观注意事项，,0,
WISH不久,女,蹲个网课,0,
恒河沙粟,保密,我能学这门课么？,0,
Dearfootball,保密,这不比某些落后的专业课强？,0,
早睡早睡_-,女,网课网课！！！！,0,
六六耶诶,保密,网课！！！老师！！！！！！！,0,
成步堂男人中的男人,保密,卧槽这个我真的需要,0,
haluy-,保密,我靠，能不能放上b站啊[大哭],0,
Stress_Z,保密,自己买房，水电气  之类的,1,
粟粟_米,保密,网课网课！,0,
阿水真是好学生吗,女,课程同步B站吗,0,
精分的姜羽儿x,保密,开个网课plz,0,
Y7rainy,保密,老师我需要,0,
深海欧皇降霖,女,举手🙌🏻,0,
浮毛狐狸球,女,需要！,1,
初舞_月白,保密,mooc[doge],0,
是天上星啊,保密,互关互赞,0,
焉焉Y,保密,蹲个网课,0,
晨光里的岚烟,女,蹲蹲,0,
Teasure-c,保密,第一步死于如何选课,0,
凉梁_NO,男,蹲个网课,0,
无事小神仙-修,保密,确实 都是吃了一个个亏后自己摸索出来的,1,
上卿的薇尔莉特,男,能在慕课发吗老师,0,
辞去千山远,保密,在哪看,0,
每天都在努力的皮卡丘,保密,蹲个网课,0,
暴雨の秋衣,男,蹲一个网课，有了踹一脚，谢[龙年],0,
崩铁可不可以抽我,保密,有课吗,0,
小沢_Taek,男,蹲蹲网课！,0,
E2bg,保密,我支持你，但是网课免费分享你做不成，感觉你做到一半就会来人给下架……[保卫萝卜_哭哭],1,
此处风雪声寂静,女,网课网课！,0,
vect-G,保密,想要,0,
害_-_-_-_-,保密,啊？up主你玩真的啊？,0,
音律无言胜千语,女,纪念粉丝数[脱单doge],0,
SeoChan28,女,蹲个网课,0,
寄雪与梦,保密,我们大学发了，虽然不加分[doge_金箍],1,
逢了个逢丷,保密,最近发现被两个同桌排挤了，明明上个星期还在一起玩，结果就周日放了半天假，周一回来就发现对我不一样了。班主任从高二下学期开始不分小组了，我还要和她们坐一年，我该怎么办[大哭],0,
leqin_,保密,在哪看？？？？,0,
瓜皮尘心,保密,@寒冷的冰雾花,0,
请问这是梦嘛,男,我要网课,0,
江景青棠,保密,在哪看,0,
奈何桥断三世缘,保密,留学生也可以看😂来马来西亚读书，我们因为是租了学姐的房子被坑的少一点，其他有人就惨了，签了合同房东直接跑路水电网全断，房间里全甲醛自己成人肉净化器……,0,
我裂裂幵幵了,男,毕业租的第一个房子就是社会让我交的学费。,0,
衣褐怀宝,保密,蹲蹲,0,
橘澄澄子,女,生活常识，他们觉得应该由我们的父母教给我们，但是没有，父母只会说  “真不知道你在学校学了啥，这都不会”,0,
仰望星空派dx,男,网课誒,0,
甜酒酿奶茶丶,保密,蹲个网课[脱单doge],0,
陆陆井,保密,五险一金和买房买车贷款真的分不清,0,
断管诀爱人,保密,租房合同！！！,0,
依一一李一一依,男,所以在哪里看课程呢,0,
呆呆31713,保密,为什么我读书的时候学校没有开这类型的课,0,
我才是闵苏噶老婆,女,开网课,0,
可乐姜丝鸭压,保密,网课,0,
黎渝渝渝渝渝,保密,速来。。,0,
开心麻瓜儿,男,缺失真的缺失,0,
EnaSaito,保密,开课了踢我一下,0,
唉呀2333333,保密,什么时候开课呢[脱单doge]？,0,
随风的风114514,保密,求求了,0,
懒的想名字QwQ,保密,@山东理工大学官方,0,
一个人的道路-w,保密,大学生的通识教育中不包括这些吗,0,
半世辰晓丶,女,网课网课，出了踢我一下,0,
盘尼西林_l,女,老师，大学生医保,0,
叽古叽咕啾,女,先投两个币交学费,0,
bili_91930546937,保密,对对对,0,
xCpVa,男,大学生生存指南,0,
菠萝Billy,男,哇，付费支持[脱单doge],0,
来一杯呆桃柚子露,保密,网课网课我要网课,0,
莫炙,保密,中国在学校太注重成绩了，除学习外很少教生活的,0,
路路路路人A,男,谁懂啊，买水果买菜对一斤完没概念，知道一瓶矿泉水一斤，但拿袋子装东西就没数了[辣眼睛][辣眼睛],0,
花芯ii,保密,课在哪呢？我怎么找不到啊[疑惑],0,
你好我叫阿哈,男,喔？,1,
云-芽,保密,蹲，想看,0,
许齐1,保密,刻在哪呀？怎么看？,0,
行不得也-哥哥,保密,这些比什么形势政策、军事理论、共同体意识等水课好[doge],1,
最强饮水机管理员,保密,超星能看到吗？,0,
uni_田不田田不辣,女,我steam是我哥帮我安装的，游戏是他花钱给我买的，电脑是被我丢在一边不碰的（被打）,0,
Sev-Always,保密,请问这门课会讲解如何随意逃课还能顺利毕业的知识吗？[吃瓜],0,
明月出天山mio-,保密,球球网课,0,
D_Kitty_,保密,蹲蹲网课,0,
大颜zi_社恐版,女,需要需要需要！！！！,0,
传奇贝斯手长崎soyo,保密,@守望先锋高手0,0,
糯米捏捏捏捏捏,保密,我要这个！,0,
书与美食,男,请发PPT,0,
浮生一念如云,男,网课[酸了]求,0,
-oCuCo-,女,何止不教，家长还觉得我们会自动获得呢[微笑],0,
对莎朗一心一意,保密,上课上课,0,
沐昭,保密,蹲蹲网课,0,
炸鸡吖Z,保密,怒求录制网课,0,
裤裤飞飞886,女,怎么看呀,0,
星芒落雨,保密,怎么买菜[大哭][大哭][大哭][大哭][大哭],0,
啦媛,保密,怎么学,0,
念笙阁_血狼,男,蹲网课+1,0,
家小叶子,保密,cy，有网课踢一下我（）,0,
起飞飞飞飞929,保密,网课网课,0,
巧巧努力點,保密,蹲网课！,0,
Angela-2007,女,什么？你开了门🚪？,0,
蔬菜界老大哥,保密,老师求网课！！！我恨学校没用的知识！！,0,
三月卟嘤qwq,保密,请问怎么选课,0,
回挽了个忆,男,臣附议,0,
书与美食,男,录课别逼我求你，不要慕课，直接发B站可以吗[大哭],0,
取不到好的名字,保密,出了课踢我一下,0,
卷中卷王中王,保密,脱离生产是这样的,1,
提子酱牛肉,保密,怎么生活呢,0,
鲟梦泽没有东边和西边,男,我直接两个币＋关注，当学费了[脱单doge],0,
淡然--_--,男,所谓的学习不只是读书，日常生活独立都难那这书就读死了,0,
Berryovoo,保密,我要网课老师,0,
终了_koc,保密,求,0,
又菜又爱爬的虾滑,保密,蹲！,0,
地天帝,保密,遇事不决，直接问AI。[doge],0,
蛾子火_,保密,求网课[大哭]二十二岁了还没自己买过菜，整个就是一社会白痴,0,
憨五弟他二哥,男,如何医保报销![大哭],0,
就考了四分,保密,录！,0,
圣树国家森林公园,保密,蹲网课,0,
灵笼狂热粉丝,保密,蹲蹲网课,1,
子什么明,男,求,0,
錦濃,保密,求求发出来,0,
抬眼望星辰i,女,蹲蹲网课,0,
欧气附体o,保密,蹲蹲网课,0,
cn徵羽,女,无偿就蹲个,0,
发电小鹿包,女,需要,0,
柒夕夕夕夕,保密,蹲网课,0,
guizhuwu2,男,赶紧发出来吧，两天了up，生产队的驴也不敢这么歇啊【bushi,0,
宏区,保密,要的球球,0,
蜡烛无言,保密,蹲住,0,
鸡0哥,保密,我都21了到现在还不会自己去医院看病[酸了][酸了],0,
冰川Leona,保密,医保！,0,
中国亿心一意,男,蹲,0,
偏头痛的诗,保密,cy,0,
Lumos_防emo版,保密,wow～你是那个……那个谈恋爱分手挂科那个老师吗[哦呼],0,
小凯文鸭,男,网卡,0,
风--度,保密,来吧,0,
QQ短视频推荐官,男,哥，多少钱一节，你说！,0,
有鹤临川,保密,！！！！社保公积金之类的！！！,0,
-02-_,男,说实话，从小到大，大型医院基本没去过，去也不是自己生病，现在出来上班两年了都还不知道去医院看病到底先干啥[呆],0,
南桥泠歌_er,保密,我蹲,0,
遥不可及的诗与远方,保密,厨子老师，快把网课端上来吧[酸了],0,
Wuli名字去哪了,保密,蹲,0,
萝呗呗呗呗呗呗呗,女,b站大学,0,
文砸会努力,保密,能发B站吗,0,
幽幽-Yu-,保密,蹲网课,0,
合法的咸鱼,保密,国外不是有人做过这系列吗？,1,
木乃辛,女,蹲,0,
肉片泡饭,保密,你好，傅老师[脱单doge],0,
一扁-,保密,网课网课网课！！要的要的！！,0,
桂花乌龙小熊软糖,保密,需要！[脱单doge],0,
晴朗的天空007,保密,你父母不称职！,0,
Aaaab___,女,@这个SD 河南拔智齿,0,
hysgjwhhw,男,非常有用，学校非常没用,1,
不要认识我丨,保密,蹲网课,0,
干拌酸奶,保密,到时候能踢我一下子,0,
白石头丶,女,@烟台大学,0,
曲奇咬曲奇,女,蹲,0,
可乐侠plus,保密,需要,0,
细雨如初酿,保密,需要需要,0,
萧湿风雨中,保密,现在某着大学好像有了,0,
当乌云不断堆叠_,保密,蹲网课,0,
夏饮茶的白月雲,男,cy,0,
棺砌夷夜,男,做了二十年巨婴，今天来学学怎么当人[撇嘴],0,
中奖绝缘体我也很无奈,保密,如何安装steam！！！,0,
阿容不秃啦,女,毕业早了，看到这种课已经是毕业三年接受毒打以后了,0,
斋月柏舟,保密,蹲,0,
在A姬腰上穿孔,保密,我草我要网课,0,
燕麦早点睡,保密,1111111,0,
橘前辈真的背叛了吗,保密,码住,0,
翻滚吧章鱼小丸子,保密,学生医保咋用就是不知道 交了跟没交一样,0,
氖氩氙氡Jy,保密,很扯 但又不那么扯 不晓得是谁的悲哀,0,
remila,保密,提名：毕业后如何甄别用人单位的谎话[脱单doge][脱单doge][脱单doge],1,
小暗本暗,男,要,0,
FFF呵呵哒,保密,多少钱？,0,
小王的一千零一页,女,蹲一个,0,
烟雨-夕阳,保密,需要,0,
4T3A2T1Lo1Lo1Lo,保密,非！！！！！常！！！！！！！需！！！要！！！！！！！！！！！！！,0,
果汁商人,男,有的东西连毕业都不知道,0,
一锅薯条嘻嘻,男,1,0,
狸奴项铃摇,男,你也！配享太庙！！！,0,
我叫榔头崽,女,我就很没有常识,0,
孤独的无线电波,男,大学有大学生生活课，必修。然后某一节课上课前就有学生当我们面跳楼了。,1,
烦恼通通都忘掉AAA,保密,@向晚今天五杀了吗,0,
bili_69367176952,保密,@成都理工大学,0,
七楼的礼物,女,智齿,0,
忽丷略我i,保密,可以看点孔子,0,
Ludelaetare,保密,蹲一个[未定事件簿_偷听],0,
它本来就是空的,保密,朋友你配享太庙！,0,
武今之硕,男,我想起以前我还有大学生就业指南这个课程呢，到现在我都没想出来这个课程有什么用，书上讲了一堆理论知识，就是没讲怎么找工作，怎么挣钱，反而是一些没用的故事和乱七八糟的理论很多,1,
杯处cup,女,"感谢up主🙏🌹🌹，
本人学生党，一天能有百八十的
主要轻松无脑操作
一天一两小时
放动态啦[笑哭][喜欢]！",3,
洁鶛,保密,丸辣高一除了五险一金和行政都会,0,
墨湫尘,保密,[脱单doge]放个屁股,0,
鹅饿了呀,保密,吹更，快更,0,
尽流霞,男,这就是家长放任：你上了社会你就懂了。实际上家长要教育，这句话和你去高考了就知道题怎么写了一样不负责，很出生的行为。,0,
二乃の天外飞仙,男,教你们怎么生活的话，我还能卖我的各种花里胡哨的产品吗[生气],1,
-liran--,保密,别说了，你TMD倒是上链接啊,1,
我真不是仙二代,男,说句很现实的，如果学校真的开了这种课如果是公开课没有多少会去听，如果搞成必修课老师在下面讲学生在下面玩手机，这就是现状。,0,
貓踩死了我の顏料,保密,配享太庙!!,1,
KW夜帆,女,蹲！,0,
任天堂家的小兔子,保密,"就业指导？垃圾！
人生生活指导？牛逼！[妙啊]",0,
藏_一,男,又教育缺失了[笑哭]都教了，你这种怎么卖课啊，就是故意开这个口子给公众的。,0,
气泡水与猫,保密,这啥?内容啊?,0,
扑棱猹子,男,老师可以开网课吗，大一新生真的很需要这个,0,
湿巾擦一下w,保密,第1145141粉丝，这么臭的粉丝数干脆不关注了（,0,
SliverO,男,巨婴多一点儿不好吗[笑哭],0,
左邊的小鯨魚,保密,普法找律师？？,0,
老王ul,保密,好臭的粉丝数[妙啊],0,
云烟杳杳,女,支持支持支持,0,
针对一个人,保密,你才知道啊[doge]我还在挨毒打呢[脱单doge],0,
亦歌Inga,女,老师可以在上课时候录制一下吗[大哭][大哭][大哭]真的很需要网课,1,
玥三爻,男,这个课真的很好，不要再让“大学生”这个贬义词继续恶化了[笑哭]虽然大部分开玩笑但还是挺不是滋味,4412,"现在大学生可以直接自嘲为大学牲了……[笑哭][笑哭][笑哭]
没啥体能，还容易被骗，生活常识也比较少，我可以算其代表了"
玥三爻,男,这个课真的很好，不要再让“大学生”这个贬义词继续恶化了[笑哭]虽然大部分开玩笑但还是挺不是滋味,4412,没办法，学校只看成绩结果，社会常识一般只能靠家里人教，但大多数家长也知识匮乏，于是只能自己到处碰壁
